time,ref_x,x,ref_y,y,ref_z,z,ref_u,u,ref_v,v,ref_w,w,ref_phi,phi,ref_theta,theta,ref_psi,psi,thrust
0,5,4.62132,0,-0.105636,1,0.95094,-0,0.487514,5,0.0986282,0,-0.0149945,0.00366711,0.00432632,-0.0350412,-0.0401741,0,-6.67646e-05,0.573493
0.05,4.99375,4.6538,0.249584,-0.0981996,1,0.951968,-0.249896,0.454036,4.97502,0.0903713,0,-0.00947047,-0.435586,0.00416219,-0.580604,-0.0383772,-1.65976e-17,-0.000116382,0.55182
0.1,4.97502,4.66485,0.496673,-0.0949321,1,0.952757,-0.499167,0.441369,4.90033,0.0885474,0,-0.00407029,-0.393965,0.00406247,-0.622331,-0.0378145,1.70799e-17,-0.000138871,0.549075
0.15,4.94386,4.69057,0.738801,-0.0863427,1,0.957268,-0.747191,0.364379,4.77668,0.101509,0,0.0506769,-0.353071,-0.0779052,-0.648606,-0.183873,0,-0.00679478,0.557661
0.2,4.90033,4.69837,0.973546,-0.0823434,1,0.959722,-0.993347,0.293815,4.60531,0.133699,0,0.0494835,-0.263777,-0.13173,-0.619404,-0.253871,0,-0.00645755,0.646582
0.25,4.84456,4.70659,1.19856,-0.0655435,1,0.964991,-1.23702,-0.0147971,4.38791,0.312295,0,0.0511306,-0.168904,-0.285096,-0.579754,-0.47135,-1.65884e-17,0.0120614,0.697144
0.3,4.77668,4.7028,1.41161,-0.0549182,1,0.967588,-1.4776,-0.182588,4.12668,0.408876,0,0.0753425,-0.0622545,-0.294172,-0.496406,-0.502467,0,0.0157829,0.7081
0.35,4.69686,4.66959,1.61054,-0.0150212,1,0.979387,-1.71449,-0.688556,3.82421,0.661672,0,0.20976,0.065724,-0.243174,-0.509158,-0.551006,0,0.0146901,0.688478
0.4,4.60531,4.64677,1.79339,0.00500225,1,0.986792,-1.94709,-0.885255,3.48353,0.738337,0,0.26505,0.144407,-0.215701,-0.461919,-0.549649,0,0.0118158,0.644413
0.45,4.50224,4.56492,1.95832,0.0635993,1,1.01171,-2.17483,-1.33266,3.10805,0.8502,0,0.36523,0.15878,-0.0903992,-0.416338,-0.513669,0,0.000869157,0.615413
0.5,4.38791,4.50767,2.10368,0.0969502,1,1.02811,-2.39713,-1.53684,2.70151,0.862647,0,0.385351,0.239914,-0.0532734,-0.406137,-0.499494,-7.55333e-18,-0.000659857,0.586349
0.55,4.26262,4.40846,2.22802,0.14605,1,1.05296,-2.61344,-1.79054,2.26798,0.830586,0,0.367121,0.250788,0.0632362,-0.385466,-0.455772,0,0.000109895,0.577172
0.6,4.12668,4.27947,2.3301,0.1978,1,1.07811,-2.82321,-2.02704,1.81179,0.742363,0,0.302763,0.295451,0.127747,-0.405306,-0.428097,0,0.00363925,0.584271
0.65,3.98042,4.21344,2.40889,0.219929,1,1.0881,-3.02593,-2.12671,1.33749,0.685685,0,0.267833,0.31808,0.16934,-0.396178,-0.411436,7.52149e-18,0.00662797,0.594301
0.7,3.82421,4.06289,2.46362,0.260176,1,1.10587,-3.22109,-2.32967,0.849836,0.536222,0,0.205708,0.335382,0.215959,-0.397237,-0.400407,0,0.00909283,0.601403
0.75,3.65844,3.98724,2.49374,0.275479,1,1.11274,-3.40819,-2.42299,0.353686,0.453445,0,0.178846,0.336925,0.24755,-0.36989,-0.398072,7.44223e-18,0.00994688,0.614274
0.8,3.48353,3.81661,2.49893,0.298631,1,1.12487,-3.58678,-2.62139,-0.145998,0.253695,0,0.136029,0.375541,0.282411,-0.3963,-0.39385,0,0.011322,0.633907
0.85,3.29992,3.73154,2.47916,0.3047,1,1.12978,-3.7564,-2.71636,-0.644222,0.147952,0,0.128779,0.356131,0.302566,-0.353195,-0.391856,0,0.0118769,0.63698
0.9,3.10805,3.5427,2.43462,0.309965,1,1.1395,-3.91663,-2.91559,-1.13601,-0.0937451,0,0.123241,0.376125,0.331021,-0.365977,-0.391156,0,0.0118918,0.650555
0.95,2.90842,3.44905,2.36575,0.306561,1,1.14385,-4.06708,-3.00848,-1.61645,-0.21458,0,0.125947,0.357287,0.341941,-0.336078,-0.386133,-7.35009e-18,0.0133305,0.654067
1,2.70151,3.24027,2.27324,0.286176,1,1.15413,-4.20735,-3.1981,-2.08073,-0.477787,0,0.140459,0.358855,0.352559,-0.338188,-0.375891,0,0.0157683,0.659856
1.05,2.48786,3.13743,2.15802,0.27009,1,1.15948,-4.33712,-3.28252,-2.52423,-0.601316,0,0.148066,0.335984,0.3537,-0.323402,-0.367472,0,0.0175324,0.659816
1.1,2.26798,2.91024,2.02124,0.222823,1,1.17204,-4.45604,-3.44866,-2.94251,-0.858862,0,0.167283,0.295464,0.348648,-0.288177,-0.35138,0,0.0202728,0.645545
1.15,2.04244,2.79938,1.86426,0.194398,1,1.17834,-4.56382,-3.5202,-3.33138,-0.975079,0,0.17617,0.281154,0.342177,-0.29124,-0.340618,7.24395e-18,0.0215143,0.645227
1.2,1.81179,2.55664,1.68866,0.122137,1,1.19231,-4.66019,-3.65538,-3.68697,-1.2023,0,0.181149,0.259697,0.325902,-0.268511,-0.323197,0,0.0230561,0.635786
1.25,1.57661,2.3351,1.49618,0.0470155,1,1.20506,-4.74492,-3.75781,-4.00572,-1.37905,0,0.180297,0.212203,0.302128,-0.250759,-0.30364,0,0.0242739,0.62214
1.3,1.33749,2.18411,1.28875,-0.00749232,1,1.21341,-4.81779,-3.81678,-4.28444,-1.48207,0,0.171193,0.163212,0.284548,-0.215904,-0.291449,-3.55191e-18,0.0242556,0.604941
1.35,1.09503,1.95344,1.06845,-0.0969292,1,1.22455,-4.87862,-3.89189,-4.52036,-1.61276,0,0.140986,0.133546,0.252958,-0.220178,-0.270922,0,0.0242417,0.601146
1.4,0.849836,1.79735,0.83747,-0.160872,1,1.23059,-4.92725,-3.93132,-4.71111,-1.68405,0,0.112599,0.0880013,0.22829,-0.183454,-0.255167,-1.76433e-18,0.0243372,0.586029
1.45,0.602514,1.56049,0.598123,-0.261942,1,1.23708,-4.96357,-3.97864,-4.85479,-1.76751,0,0.0591422,0.0617176,0.187935,-0.177715,-0.232629,0,0.0234044,0.580367
1.5,0.353686,1.40115,0.3528,-0.33199,1,1.23938,-4.98747,-4.00182,-4.94996,-1.8076,0,0.0147775,0.016908,0.159749,-0.147997,-0.218335,-2.19237e-19,0.022279,0.572385
1.55,0.103974,1.16065,0.103952,-0.43986,1,1.23919,-4.99892,-4.02557,-4.99568,-1.84704,0,-0.0622514,-0.0166905,0.118444,-0.145317,-0.195979,0,0.0200641,0.56921
1.6,-0.145998,0.99964,-0.145935,-0.512961,1,1.23643,-4.99787,-4.0346,-4.99147,-1.85914,0,-0.118455,-0.0670595,0.0907796,-0.121101,-0.180606,0,0.0183868,0.567431
1.65,-0.395604,0.757526,-0.394364,-0.6222,1,1.22778,-4.98433,-4.03719,-4.9374,-1.85873,0,-0.207016,-0.0887966,0.0475482,-0.11187,-0.159343,-8.72818e-19,0.0154899,0.567704
1.7,-0.644222,0.466801,-0.638853,-0.750551,1,1.20963,-4.95832,-4.02734,-4.83399,-1.8277,0,-0.317315,-0.127111,-0.0140917,-0.0861453,-0.1341,0,0.0112869,0.573212
1.75,-0.89123,0.354015,-0.876958,-0.799806,1,1.20045,-4.91993,-4.01998,-4.68228,-1.80734,0,-0.359101,-0.169065,-0.0316628,-0.0681121,-0.126916,8.69378e-19,0.00989773,0.580692
1.8,-1.13601,0.0652171,-1.1063,-0.924198,1,1.17161,-4.86924,-3.99299,-4.48379,-1.73264,0,-0.460225,-0.189421,-0.0856736,-0.0536951,-0.103651,0,0.00546133,0.587294
1.85,-1.37795,-0.0464906,-1.32459,-0.971049,1,1.15851,-4.80638,-3.97909,-4.2405,-1.69559,0,-0.496269,-0.219701,-0.103308,-0.0344882,-0.0965249,4.33939e-19,0.0040738,0.598856
1.9,-1.61645,-0.331632,-1.52964,-1.08685,1,1.12049,-4.7315,-3.93402,-3.95484,-1.57792,0,-0.575258,-0.267374,-0.156937,-0.0230701,-0.0739583,0,-0.000198341,0.606919
1.95,-1.8509,-0.441575,-1.71941,-1.12949,1,1.10436,-4.6448,-3.91328,-3.62966,-1.52353,0,-0.600655,-0.273337,-0.171113,-0.00226569,-0.0680919,0,-0.00124073,0.620383
2,-2.08073,-0.72127,-1.89201,-1.232,1,1.06021,-4.54649,-3.84928,-3.26822,-1.3595,0,-0.649784,-0.36189,-0.226944,0.0121013,-0.0438363,0,-0.00549334,0.632952
2.05,-2.30536,-0.830684,-2.04569,-1.26742,1,1.04152,-4.43681,-3.82163,-2.87412,-1.2853,0,-0.661578,-0.338288,-0.238872,0.0306685,-0.0379522,8.6777e-19,-0.00650761,0.644992
2.1,-2.52423,-1.10914,-2.17894,-1.34809,1,0.992279,-4.31605,-3.74078,-2.4513,-1.07064,0,-0.667927,-0.4028,-0.288957,0.0501779,-0.0129466,0,-0.0103761,0.658457
2.15,-2.73679,-1.21564,-2.29041,-1.37522,1,0.973147,-4.18449,-3.7047,-2.004,-0.977765,0,-0.664774,-0.413909,-0.30135,0.0723705,-0.0068382,0,-0.0111722,0.672312
2.2,-2.94251,-1.48322,-2.379,-1.43331,1,0.925197,-4.04248,-3.59907,-1.53666,-0.716193,0,-0.633054,-0.420911,-0.34143,0.096135,0.0195519,0,-0.014788,0.68523
2.25,-3.14087,-1.58505,-2.44382,-1.45074,1,0.907361,-3.89037,-3.55298,-1.05398,-0.606524,0,-0.613964,-0.442543,-0.348733,0.111952,0.0247578,3.4913e-18,-0.0153956,0.691364
2.3,-3.33138,-1.83972,-2.48423,-1.48153,1,0.864866,-3.72853,-3.42241,-0.560763,-0.302127,0,-0.544183,-0.414091,-0.385661,0.128558,0.0512598,3.49832e-18,-0.0181453,0.694375
2.35,-3.51356,-1.93605,-2.49981,-1.48749,1,0.849853,-3.55737,-3.36647,-0.061943,-0.176104,0,-0.512357,-0.428169,-0.393439,0.144199,0.0581644,0,-0.0188413,0.699015
2.4,-3.68697,-2.17542,-2.49041,-1.48669,1,0.815909,-3.37732,-3.20808,0.437495,0.162923,0,-0.4188,-0.425169,-0.415506,0.159051,0.085935,0,-0.0213985,0.701331
2.45,-3.85116,-2.39405,-2.45613,-1.46227,1,0.789734,-3.18882,-3.04471,0.932562,0.489605,0,-0.322465,-0.396549,-0.420993,0.177205,0.10792,0,-0.0230276,0.694421
2.5,-4.00572,-2.4926,-2.39731,-1.44329,1,0.779929,-2.99236,-2.96163,1.41831,0.643186,0,-0.272854,-0.382918,-0.421458,0.1964,0.120064,7.07491e-18,-0.0235472,0.690893
2.55,-4.15027,-2.69268,-2.31454,-1.38696,1,0.764495,-2.78842,-2.77525,1.88989,0.963956,0,-0.168834,-0.397395,-0.419669,0.23511,0.143596,7.13519e-18,-0.0246359,0.695951
2.6,-4.28444,-2.78181,-2.20864,-1.3532,1,0.759737,-2.57751,-2.68177,2.34258,1.11069,0,-0.123248,-0.361702,-0.416904,0.247838,0.157248,7.15759e-18,-0.0251169,0.685786
2.65,-4.40791,-2.96091,-2.08067,-1.26649,1,0.754264,-2.36015,-2.47569,2.77187,1.40498,0,-0.0360765,-0.324034,-0.400571,0.244496,0.179361,0,-0.0249472,0.672833
2.7,-4.52036,-3.03988,-1.93191,-1.21909,1,0.753733,-2.1369,-2.37494,3.17346,1.53459,0,0.00304797,-0.299585,-0.389803,0.274589,0.192333,7.20896e-18,-0.0247849,0.665318
2.75,-4.62151,-3.19666,-1.76385,-1.10544,1,0.756228,-1.9083,-2.15471,3.54335,1.78478,0,0.0683262,-0.282721,-0.366458,0.292054,0.213607,0,-0.0242449,0.66218
2.8,-4.71111,-3.26491,-1.57817,-1.04642,1,0.758979,-1.67494,-2.04814,3.87783,1.89055,0,0.0941338,-0.22914,-0.347574,0.296329,0.226286,0,-0.0232868,0.643939
2.85,-4.78894,-3.39917,-1.37671,-0.911026,1,0.765164,-1.43739,-1.8196,4.17356,2.08817,0,0.135175,-0.206843,-0.317185,0.328561,0.245393,0,-0.0217892,0.642214
2.9,-4.85479,-3.45669,-1.16151,-0.842997,1,0.769051,-1.19625,-1.71021,4.4276,2.168,0,0.147625,-0.153525,-0.293776,0.313969,0.257926,0,-0.0207131,0.624586
2.95,-4.90851,-3.56708,-0.934692,-0.690776,1,0.778475,-0.952113,-1.47516,4.63739,2.30912,0,0.160842,-0.102463,-0.255462,0.314579,0.277077,3.64849e-18,-0.019127,0.613229
3,-4.94996,-3.61326,-0.698539,-0.616149,1,0.783238,-0.7056,-1.36459,4.80085,2.36046,0,0.160249,-0.0716682,-0.227473,0.342762,0.288219,-1.84186e-18,-0.0177433,0.610848
3.05,-4.97904,-3.69945,-0.455406,-0.452922,1,0.793238,-0.457323,-1.12707,4.91634,2.44108,0,0.146296,-0.0266833,-0.182685,0.333275,0.303182,0,-0.0154487,0.603274
3.1,-4.99568,-3.76177,-0.207724,-0.305362,1,0.801183,-0.207903,-0.916471,4.98271,2.47927,0,0.122387,0.00365157,-0.133943,0.35288,0.317858,0,-0.0132375,0.602399
3.15,-4.99982,-3.79616,0.042035,-0.2061,1,0.805621,0.042036,-0.775443,4.99929,2.48845,0,0.102118,0.0546047,-0.103102,0.357682,0.325477,0,-0.0114969,0.600727
3.2,-4.99147,-3.83775,0.291373,-0.0578095,1,0.810284,0.291871,-0.564487,4.96593,2.47898,0,0.070108,0.0825389,-0.0554581,0.369283,0.336559,-1.86012e-18,-0.00904293,0.601891
3.25,-4.97065,-3.85911,0.5378,0.0396021,1,0.81182,0.540976,-0.422157,4.88294,2.45751,0,0.0483245,0.145742,-0.0231738,0.389821,0.344844,0,-0.00765356,0.606472
3.3,-4.9374,-3.88006,0.778853,0.183801,1,0.812751,0.788728,-0.207775,4.75116,2.40316,0,0.0145044,0.175111,0.0228308,0.401005,0.35433,-7.53679e-18,-0.0058271,0.610891
3.35,-4.89181,-3.88662,1.01212,0.277942,1,0.812747,1.03451,-0.0629796,4.57192,2.35268,0,-0.00475291,0.213422,0.0531933,0.392779,0.359916,0,-0.00476394,0.617156
3.4,-4.83399,-3.88527,1.23528,0.414976,1,0.811569,1.27771,0.156561,4.34699,2.25532,0,-0.0282226,0.260302,0.0974774,0.422338,0.36613,0,-0.00357694,0.626206
3.45,-4.76409,-3.87684,1.4461,0.502878,1,0.810157,1.51771,0.305224,4.07863,2.1758,0,-0.0380147,0.282997,0.129793,0.401723,0.370219,7.53909e-18,-0.00282504,0.632689
3.5,-4.68228,-3.85274,1.64247,0.628286,1,0.807556,1.75392,0.532138,3.76951,2.03258,0,-0.0410138,0.309405,0.175437,0.410743,0.377628,0,-0.0017323,0.640603
3.55,-4.58877,-3.80535,1.82242,0.766404,1,0.804555,1.98574,0.810451,3.42273,1.82232,0,-0.0318823,0.323699,0.229762,0.384309,0.385628,0,-0.000756435,0.645674
3.6,-4.48379,-3.78296,1.98417,0.816004,1,0.802902,2.2126,0.917831,3.04176,1.73084,0,-0.0257939,0.357706,0.241607,0.401436,0.386415,0,-0.000818454,0.656548
3.65,-4.3676,-3.71203,2.12609,0.931388,1,0.799792,2.43393,1.19613,2.63039,1.47107,0,0.00930627,0.385911,0.2842,0.394981,0.384068,1.50355e-17,-0.00229894,0.663941
3.7,-4.2405,-3.67887,2.24677,0.970993,1,0.799695,2.64918,1.30625,2.19274,1.35861,0,0.0325689,0.388015,0.299361,0.373626,0.38516,0,-0.00226204,0.663869
3.75,-4.1028,-3.57844,2.345,1.05768,1,0.802877,2.85781,1.58686,1.73318,1.04457,0,0.0909911,0.410678,0.345806,0.379731,0.389207,0,-0.00202201,0.672243
3.8,-3.95484,-3.53385,2.4198,1.08512,1,0.80529,3.05929,1.69609,1.2563,0.914061,0,0.115424,0.423654,0.354507,0.372815,0.389031,0,-0.00241231,0.677684
3.85,-3.79699,-3.40448,2.47042,1.13854,1,0.815001,3.25313,1.97196,0.766869,0.563488,0,0.185131,0.429949,0.384222,0.368054,0.385563,-1.48739e-17,-0.00451457,0.679675
3.9,-3.62966,-3.34877,2.49636,1.15237,1,0.820326,3.43883,2.07701,0.269777,0.420799,0,0.214677,0.448815,0.391577,0.380957,0.385013,0,-0.00479919,0.688519
3.95,-3.45325,-3.19164,2.49735,1.16945,1,0.837947,3.61594,2.33846,-0.230011,0.0495749,0,0.285332,0.439325,0.411411,0.359998,0.37883,0,-0.00769994,0.684671
4,-3.26822,-3.12585,2.4734,1.1682,1,0.845158,3.78401,2.43586,-0.7275,-0.095526,0,0.311695,0.404751,0.413491,0.320898,0.376942,0,-0.0084862,0.667218
4.05,-3.07501,-2.94433,2.42473,1.14609,1,0.866148,3.94263,2.67225,-1.21772,-0.463621,0,0.367568,0.403368,0.420097,0.321558,0.366054,7.31377e-18,-0.0118861,0.66907
4.1,-2.87412,-2.86916,2.35183,1.13042,1,0.875544,4.09139,2.76008,-1.69577,-0.605173,0,0.389931,0.383112,0.419234,0.307921,0.362574,-7.28137e-18,-0.0128447,0.662338
4.15,-2.66604,-2.66449,2.25543,1.07283,1,0.902952,4.22992,2.96982,-2.15688,-0.951829,0,0.433475,0.359951,0.411483,0.289112,0.348712,0,-0.01549,0.652908
4.2,-2.4513,-2.58086,2.1365,1.04384,1,0.91444,4.35788,3.04632,-2.59644,-1.08032,0,0.447753,0.343541,0.408709,0.295758,0.345981,7.25385e-18,-0.0158739,0.654139
4.25,-2.23044,-2.35613,1.99622,0.953923,1,0.945543,4.47495,3.22368,-3.01006,-1.381,0,0.459539,0.311876,0.383877,0.268515,0.326552,0,-0.0192782,0.639432
4.3,-2.004,-2.13263,1.83599,0.850425,1,0.97566,4.58083,3.36909,-3.3936,-1.62932,0,0.45778,0.27757,0.357644,0.265282,0.309355,0,-0.0215796,0.631985
4.35,-1.77255,-2.02411,1.65742,0.796274,1,0.989737,4.67526,3.42916,-3.74323,-1.73255,0,0.449825,0.224278,0.337414,0.223034,0.296904,3.55756e-18,-0.0226498,0.606352
4.4,-1.53666,-1.79292,1.46229,0.671285,1,1.01672,4.75801,3.53868,-4.05546,-1.92119,0,0.417851,0.202549,0.305349,0.227711,0.27835,0,-0.0232219,0.605561
4.45,-1.29694,-1.68145,1.25255,0.608396,1,1.02872,4.82887,3.58254,-4.32718,-1.99582,0,0.394938,0.149824,0.280577,0.200883,0.264085,0,-0.0236709,0.587857
4.5,-1.05398,-1.43997,1.0303,0.467579,1,1.05178,4.88765,3.66185,-4.55565,-2.12593,0,0.334563,0.123333,0.241579,0.198162,0.244449,0,-0.0232357,0.58437
4.55,-0.808381,-1.32408,0.797746,0.398585,1,1.06127,4.93422,3.69295,-4.73861,-2.17317,0,0.299044,0.0790352,0.213428,0.161964,0.231887,8.78864e-19,-0.022375,0.569827
4.6,-0.560763,-1.07461,0.557225,0.247673,1,1.07724,4.96845,3.74739,-4.87422,-2.24682,0,0.209703,0.0512325,0.170651,0.158376,0.213177,0,-0.0206583,0.567722
4.65,-0.311743,-0.955634,0.311136,0.175214,1,1.08266,4.99027,3.76831,-4.96113,-2.26948,0,0.161743,-0.0129713,0.141083,0.143787,0.199586,1.09551e-19,-0.0193439,0.561198
4.7,-0.061943,-0.700741,0.061939,0.0193946,1,1.08894,4.99962,3.80049,-4.99847,-2.29506,0,0.0526084,-0.0581215,0.0969777,0.116378,0.179104,4.36634e-19,-0.016811,0.560419
4.75,0.188011,-0.579851,-0.187878,-0.0542739,1,1.08924,4.99646,3.81058,-4.98586,-2.29651,0,-0.000498788,-0.0943913,0.0680647,0.112777,0.165286,8.72907e-19,-0.0149084,0.55988
4.8,0.437495,-0.324395,-0.435817,-0.212102,1,1.08387,4.98082,3.82181,-4.92344,-2.2779,0,-0.117321,-0.128105,0.0217034,0.106321,0.145995,0,-0.0119125,0.560622
4.85,0.685886,-0.203712,-0.679402,-0.285632,1,1.07875,4.95273,3.82325,-4.81182,-2.25823,0,-0.172109,-0.164953,-0.0104749,0.0796612,0.133231,0,-0.00984702,0.569337
4.9,0.932562,0.0528904,-0.916198,-0.439272,1,1.062,4.91226,3.81711,-4.65213,-2.19783,0,-0.285516,-0.216892,-0.0549996,0.0753617,0.115338,0,-0.00661453,0.571587
4.95,1.17691,0.279339,-1.14384,-0.570458,1,1.04122,4.85952,3.80261,-4.44596,-2.12192,0,-0.376377,-0.242254,-0.0957241,0.0476688,0.0969246,-8.68348e-19,-0.00294601,0.586875
5,1.41831,0.429961,-1.36005,-0.654999,1,1.02451,4.79462,3.78877,-4.19536,-2.05857,0,-0.429591,-0.264304,-0.129759,0.0222184,0.0842729,0,-0.000503357,0.60283
5.05,1.65617,0.654966,-1.56268,-0.776418,1,0.995807,4.71774,3.75974,-3.90284,-1.94356,0,-0.498744,-0.292274,-0.172463,0.0127578,0.068175,0,0.00251701,0.611331
5.1,1.88989,0.804092,-1.74969,-0.853115,1,0.974668,4.62907,3.73542,-3.57133,-1.85257,0,-0.534305,-0.317445,-0.200761,-0.0112917,0.0559501,2.16854e-19,0.00480034,0.627974
5.15,2.11888,1.02542,-1.91921,-0.961121,1,0.940182,4.52883,3.69104,-3.20413,-1.69696,0,-0.572862,-0.354269,-0.23814,-0.0214078,0.0379016,4.3378e-19,0.00793263,0.638077
5.2,2.34258,1.1708,-2.06957,-1.02803,1,0.915909,4.41727,3.655,-2.80492,-1.58101,0,-0.584244,-0.385347,-0.261561,-0.0456715,0.0254593,1.73653e-18,0.00984997,0.65405
5.25,2.56043,1.3863,-2.19924,-1.1189,1,0.879254,4.29467,3.59055,-2.37769,-1.38506,0,-0.585526,-0.407861,-0.302502,-0.0567679,0.0053357,0,0.012245,0.66385
5.3,2.77187,1.52791,-2.30694,-1.17245,1,0.855079,4.16134,3.54165,-1.92669,-1.23787,0,-0.573958,-0.401588,-0.328445,-0.078384,-0.00530289,-3.48013e-18,0.0131456,0.675442
5.35,2.97639,1.7367,-2.39159,-1.24096,1,0.820366,4.0176,3.45903,-1.45645,-0.995092,0,-0.541859,-0.417484,-0.363452,-0.0903989,-0.0239891,0,0.0153338,0.68427
5.4,3.17346,1.87315,-2.45234,-1.27808,1,0.798671,3.86382,3.39649,-0.97165,-0.817538,0,-0.507888,-0.456114,-0.384101,-0.122683,-0.0367483,-3.49572e-18,0.0169458,0.699621
5.45,3.36261,2.07307,-2.48859,-1.31989,1,0.768985,3.70039,3.29195,-0.477144,-0.536024,0,-0.444781,-0.46142,-0.405687,-0.145867,-0.0563614,-7.01337e-18,0.0194619,0.705853
5.5,3.54335,2.30443,-2.49998,-1.3469,1,0.739122,3.5277,3.14939,0.022128,-0.180024,0,-0.345609,-0.452105,-0.423942,-0.157817,-0.0827134,0,0.0220816,0.704995
5.55,3.71523,2.39051,-2.48638,-1.35133,1,0.729199,3.3462,3.08831,0.52118,-0.0374231,0,-0.302269,-0.437248,-0.429324,-0.175985,-0.0900599,0,0.0227572,0.702004
5.6,3.87783,2.60327,-2.44794,-1.34449,1,0.709324,3.15633,2.91663,1.01502,0.334052,0,-0.189838,-0.436828,-0.442312,-0.194416,-0.118847,1.41443e-17,0.0248,0.703805
5.65,4.03073,2.6827,-2.38505,-1.33456,1,0.703728,2.95858,2.8454,1.49873,0.477038,0,-0.147187,-0.419702,-0.441667,-0.216303,-0.125707,7.10444e-18,0.025085,0.698378
5.7,4.17356,2.87829,-2.29832,-1.29004,1,0.695389,2.75343,2.65233,1.96745,0.838878,0,-0.0326544,-0.404292,-0.438504,-0.23122,-0.153985,0,0.026011,0.69316
5.75,4.30596,2.95057,-2.18863,-1.26571,1,0.694431,2.5414,2.57172,2.41652,0.976665,0,0.0109453,-0.367381,-0.43783,-0.245052,-0.162102,-7.15258e-18,0.0265868,0.681022
5.8,4.4276,3.12645,-2.05707,-1.18533,1,0.697446,2.32301,2.35766,2.84145,1.31245,0,0.105492,-0.35207,-0.419909,-0.27028,-0.192611,0,0.0271837,0.678488
5.85,4.53817,3.19071,-1.90496,-1.1477,1,0.700436,2.09882,2.2713,3.23798,1.43401,0,0.140049,-0.302079,-0.413925,-0.269836,-0.19793,0,0.0270727,0.658899
5.9,4.63739,3.34497,-1.73381,-1.03564,1,0.712456,1.86938,2.04195,3.60216,1.71847,0,0.211219,-0.276918,-0.382874,-0.287972,-0.227243,7.2369e-18,0.0271984,0.65176
5.95,4.72503,3.40008,-1.54534,-0.985955,1,0.717871,1.63527,1.95102,3.93035,1.81748,0,0.230808,-0.23162,-0.372128,-0.304231,-0.23367,0,0.0267901,0.638572
6,4.80085,3.53009,-1.34143,-0.845682,1,0.733759,1.39708,1.71617,4.21927,2.0375,0,0.263918,-0.200482,-0.322381,-0.308037,-0.255415,-3.64082e-18,0.0241974,0.628512
6.05,4.86468,3.57617,-1.12412,-0.787159,1,0.740499,1.15539,1.62451,4.46603,2.10967,0,0.271914,-0.15521,-0.308958,-0.316082,-0.261715,-3.65028e-18,0.023813,0.615513
6.1,4.91634,3.68332,-0.895573,-0.628584,1,0.758702,0.910813,1.38811,4.66817,2.26078,0,0.27214,-0.119762,-0.251444,-0.340757,-0.287153,0,0.0216569,0.610719
6.15,4.95572,3.76911,-0.658079,-0.470378,1,0.775356,0.66396,1.16281,4.82366,2.36037,0,0.252506,-0.0794453,-0.209183,-0.330496,-0.303514,-1.83398e-18,0.0198431,0.601095
6.2,4.98271,3.8043,-0.41401,-0.393962,1,0.782733,0.415447,1.05582,4.93096,2.39285,0,0.237561,-0.0135696,-0.177265,-0.366943,-0.314275,4.64611e-19,0.0184829,0.597016
6.25,4.99725,3.86786,-0.165805,-0.228869,1,0.796554,0.165896,0.829048,4.98899,2.43462,0,0.19808,0.0236682,-0.13074,-0.391885,-0.326765,1.87702e-18,0.0159274,0.59626
6.3,4.99929,3.89251,0.084058,-0.150519,1,0.802094,-0.08407,0.72209,4.99717,2.44196,0,0.178302,0.0627875,-0.0985956,-0.37838,-0.334654,-1.86677e-18,0.0142512,0.595108
6.35,4.98884,3.93487,0.33308,0.0169789,1,0.809544,-0.333825,0.492416,4.95542,2.43072,0,0.131781,0.103647,-0.0500859,-0.400487,-0.349894,0,0.0121272,0.596902
6.4,4.96593,3.94938,0.578775,0.0952039,1,0.812103,-0.582746,0.383068,4.86416,2.4132,0,0.108314,0.14194,-0.0182582,-0.393949,-0.357592,0,0.0107373,0.602888
6.45,4.93059,3.96854,0.818686,0.258896,1,0.81542,-0.830211,0.148178,4.7243,2.35171,0,0.0629831,0.192897,0.0278264,-0.425178,-0.364183,-7.61708e-18,0.00867773,0.608082
6.5,4.88294,3.97195,1.05042,0.334112,1,0.816202,-1.0756,0.0368429,4.53723,2.31048,0,0.0457711,0.218762,0.0585307,-0.409543,-0.368128,7.56445e-18,0.00750667,0.615354
6.55,4.82308,3.96862,1.27165,0.47104,1,0.816482,-1.3183,-0.177547,4.30483,2.21158,0,0.0220244,0.252326,0.108878,-0.421189,-0.379593,0,0.00561869,0.620653
6.6,4.75116,3.95915,1.48018,0.558591,1,0.816061,-1.55771,-0.323339,4.02942,2.12905,0,0.00985019,0.267106,0.141344,-0.398007,-0.386258,0,0.00461209,0.630236
6.65,4.66737,3.9338,1.67392,0.682994,1,0.815017,-1.79322,-0.54788,3.71375,1.98067,0,0.00143025,0.297798,0.190043,-0.40756,-0.397044,7.55796e-18,0.0030163,0.636877
6.7,4.57192,3.90929,1.85094,0.760549,1,0.814434,-2.02425,-0.701954,3.36097,1.86508,0,0.00491414,0.315046,0.215229,-0.388998,-0.401696,0,0.00248156,0.645982
6.75,4.46503,3.85536,2.00946,0.882302,1,0.812482,-2.25022,-0.966306,2.9746,1.64238,0,0.0221366,0.365309,0.250531,-0.421134,-0.403024,-1.52064e-17,0.00312571,0.659295
6.8,4.34699,3.7877,2.14791,0.981785,1,0.812754,-2.47057,-1.21818,2.55852,1.40172,0,0.0604874,0.364897,0.288917,-0.389592,-0.403734,0,0.0038113,0.65911
6.85,4.21808,3.74263,2.26489,1.03074,1,0.813989,-2.68474,-1.35955,2.11687,1.2535,0,0.0855531,0.361094,0.311596,-0.357671,-0.405481,-7.40769e-18,0.00369655,0.65605
6.9,4.07863,3.63675,2.35924,1.11149,1,0.819941,-2.8922,-1.6373,1.65407,0.935758,0,0.138235,0.440037,0.33966,-0.423442,-0.403699,0,0.00508499,0.686825
6.95,3.92898,3.59019,2.43002,1.13658,1,0.823425,-3.09243,-1.74342,1.17475,0.805553,0,0.162361,0.439421,0.35428,-0.400865,-0.400343,1.50727e-17,0.00661041,0.68306
7,3.76951,3.47233,2.47652,1.17959,1,0.834525,-3.28493,-1.98105,0.683686,0.497619,0,0.220558,0.460086,0.376043,-0.415945,-0.395638,0,0.0086194,0.692401
7.05,3.60062,3.41605,2.49827,1.19216,1,0.840578,-3.46922,-2.08326,0.185792,0.357065,0,0.250043,0.442809,0.389371,-0.388544,-0.392588,-1.49955e-17,0.00957352,0.684719
7.1,3.42273,3.25822,2.49507,1.20788,1,0.858905,-3.64485,-2.33637,-0.313959,-0.00958203,0,0.315391,0.439531,0.408193,-0.380524,-0.391178,-1.49469e-17,0.00951093,0.684978
7.15,3.23629,3.19204,2.46693,1.20885,1,0.866258,-3.81135,-2.43161,-0.810572,-0.151831,0,0.338582,0.422113,0.41543,-0.358063,-0.388315,-1.48176e-17,0.0101742,0.679142
7.2,3.04176,3.0203,2.41414,1.1934,1,0.887048,-3.96834,-2.65196,-1.29909,-0.494175,0,0.387862,0.427291,0.418752,-0.367154,-0.380572,-1.48687e-17,0.0123413,0.685542
7.25,2.83962,2.91235,2.33724,1.17293,1,0.901158,-4.1154,-2.77329,-1.77462,-0.69,0,0.414364,0.378327,0.417721,-0.317709,-0.373789,7.30445e-18,0.0139701,0.661365
7.3,2.63039,2.72965,2.23698,1.12314,1,0.92668,-4.25218,-2.95745,-2.23242,-0.995666,0,0.457977,0.375134,0.413744,-0.325323,-0.363946,-7.323e-18,0.0157127,0.663517
7.35,2.41458,2.52327,2.11437,1.04936,1,0.95627,-4.37833,-3.13135,-2.66792,-1.29257,0,0.478254,0.333856,0.396151,-0.298134,-0.346895,7.25912e-18,0.0186653,0.649472
7.4,2.19274,2.42214,1.97063,1.00743,1,0.970837,-4.49354,-3.20733,-3.07676,-1.42337,0,0.488822,0.31477,0.389267,-0.2888,-0.341525,0,0.0195914,0.641409
7.45,1.96541,2.19962,1.8072,0.905133,1,1.00255,-4.59752,-3.35059,-3.45486,-1.67113,0,0.486729,0.265604,0.358054,-0.255314,-0.321237,-7.17136e-18,0.0213832,0.620476
7.5,1.73318,2.09073,1.62572,0.852731,1,1.01736,-4.69,-3.41098,-3.79844,-1.77368,0,0.479448,0.22217,0.347813,-0.252068,-0.314822,0,0.0219317,0.613171
7.55,1.49661,1.85263,1.42799,0.732813,1,1.04724,-4.77076,-3.51976,-4.10407,-1.9586,0,0.443669,0.204064,0.301215,-0.239889,-0.286786,-3.57173e-18,0.0237419,0.603571
7.6,1.2563,1.73842,1.216,0.671583,1,1.06049,-4.8396,-3.5635,-4.36869,-2.03251,0,0.424355,0.152773,0.28867,-0.19947,-0.280036,-1.76982e-18,0.0238129,0.583427
7.65,1.01285,1.49155,0.991851,0.534185,1,1.08599,-4.89634,-3.64268,-4.58965,-2.15935,0,0.361328,0.132822,0.237251,-0.198248,-0.256575,-1.76938e-18,0.0221389,0.578881
7.7,0.766869,1.38851,0.757796,0.475125,1,1.09514,-4.94084,-3.6704,-4.76476,-2.19986,0,0.329423,0.0675933,0.223437,-0.190717,-0.249661,8.83379e-19,0.0217651,0.570599
7.75,0.518972,1.12076,0.516169,0.317705,1,1.1136,-4.97299,-3.72579,-4.89227,-2.27654,0,0.229975,0.0486006,0.167503,-0.16554,-0.219914,0,0.0199077,0.564244
7.8,0.269777,1.00073,0.269384,0.245931,1,1.11956,-4.99272,-3.74425,-4.97089,-2.29893,0,0.182982,-0.011066,0.152998,-0.152776,-0.212876,0,0.0192118,0.558629
7.85,0.019908,0.744086,0.019908,0.0914514,1,1.12704,-4.99996,-3.77183,-4.99984,-2.32217,0,0.0710212,-0.0563933,0.0903432,-0.130974,-0.185603,0,0.0156106,0.556265
7.9,-0.230011,0.621887,-0.229767,0.0191191,1,1.12671,-4.99471,-3.78035,-4.97884,-2.32206,0,0.0148734,-0.0897951,0.0755119,-0.122295,-0.178811,0,0.014655,0.557106
7.95,-0.479354,0.360678,-0.477146,-0.133243,1,1.11875,-4.97697,-3.78861,-4.90809,-2.30046,0,-0.109558,-0.118334,0.0164211,-0.0955301,-0.153273,0,0.010773,0.564093
8,-0.7275,0.130732,-0.719758,-0.266684,1,1.10536,-4.94679,-3.78599,-4.7883,-2.25796,0,-0.217284,-0.15102,-0.0306195,-0.086543,-0.135103,-1.74124e-18,0.00755188,0.567835
8.05,-0.973827,-0.0221272,-0.955179,-0.354321,1,1.09323,-4.90425,-3.77975,-4.62066,-2.21805,0,-0.284591,-0.182049,-0.0604992,-0.0637622,-0.122601,8.69128e-19,0.00528113,0.579919
8.1,-1.21772,-0.250405,-1.18105,-0.482742,1,1.07057,-4.84945,-3.76185,-4.40686,-2.13914,0,-0.379089,-0.233756,-0.101921,-0.0567867,-0.104232,0,0.00171658,0.584958
8.15,-1.45857,-0.401684,-1.39513,-0.56576,1,1.05249,-4.78253,-3.74459,-4.14903,-2.0759,0,-0.434318,-0.252708,-0.129334,-0.0340479,-0.0921068,0,-0.000565318,0.601115
8.2,-1.69577,-0.656794,-1.59527,-0.700811,1,1.01753,-4.70365,-3.70743,-3.84974,-1.94501,0,-0.513859,-0.285444,-0.174494,-0.0251327,-0.0749364,4.33818e-19,-0.00355779,0.607609
8.25,-1.92874,-0.7757,-1.77946,-0.761274,1,0.999652,-4.61302,-3.68548,-3.51199,-1.87226,0,-0.544413,-0.304883,-0.202436,-0.00178088,-0.0637373,5.42102e-20,-0.00556742,0.626607
8.3,-2.15688,-1.0272,-1.94588,-0.879195,1,0.957668,-4.51086,-3.6318,-3.13914,-1.69468,0,-0.588748,-0.390393,-0.239495,0.012675,-0.0463053,0,-0.00861241,0.637956
8.35,-2.37964,-1.14401,-2.09285,-0.93052,1,0.937413,-4.39742,-3.60138,-2.73493,-1.59995,0,-0.598432,-0.370967,-0.264323,0.0321495,-0.0339849,0,-0.01057,0.652778
8.4,-2.59644,-1.38859,-2.21892,-1.0291,1,0.894157,-4.27299,-3.52696,-2.30339,-1.37269,0,-0.598265,-0.397164,-0.307671,0.045865,-0.0152265,0,-0.0130332,0.660689
8.45,-2.80676,-1.5016,-2.32281,-1.07016,1,0.874342,-4.13789,-3.48682,-1.84884,-1.2524,0,-0.588687,-0.429519,-0.33473,0.0714024,-0.00263686,0,-0.0146755,0.680718
8.5,-3.01006,-1.70971,-2.40349,-1.13654,1,0.838329,-3.99244,-3.40207,-1.37582,-1.00859,0,-0.55823,-0.449691,-0.365873,0.0871893,0.0160944,3.48268e-18,-0.0172139,0.688091
8.55,-3.20584,-1.84531,-2.46016,-1.17257,1,0.815739,-3.83701,-3.33803,-0.889045,-0.833682,0,-0.523914,-0.442545,-0.38058,0.106544,0.0286566,-3.48923e-18,-0.0188286,0.695774
8.6,-3.3936,-2.04347,-2.49225,-1.21336,1,0.784805,-3.67198,-3.23239,-0.393391,-0.555797,0,-0.458791,-0.448784,-0.401871,0.129615,0.0477501,6.99759e-18,-0.0207226,0.701419
8.65,-3.57288,-2.2603,-2.49944,-1.23851,1,0.755107,-3.49779,-3.09784,0.106194,-0.223881,0,-0.367495,-0.43961,-0.41705,0.141404,0.066988,0,-0.0219761,0.700837
8.7,-3.74323,-2.38404,-2.48165,-1.24185,1,0.740644,-3.31485,-3.01169,0.604718,-0.0215669,0,-0.308584,-0.415325,-0.429266,0.160273,0.0821261,0,-0.0229361,0.695694
8.75,-3.90423,-2.57404,-2.43906,-1.23076,1,0.722736,-3.12362,-2.86234,1.0972,0.307974,0,-0.209408,-0.432906,-0.43734,0.184691,0.101771,0,-0.0241109,0.701906
8.8,-4.05546,-2.67658,-2.37211,-1.2153,1,0.715421,-2.92459,-2.77144,1.57872,0.492579,0,-0.154124,-0.381752,-0.439806,0.191181,0.116156,7.06766e-18,-0.024819,0.685502
8.85,-4.19656,-2.84996,-2.28146,-1.1722,1,0.707672,-2.71824,-2.60038,2.04446,0.812673,0,-0.0593564,-0.383428,-0.436551,0.210487,0.138632,-7.0955e-18,-0.026128,0.686192
8.9,-4.32718,-2.94258,-2.168,-1.13914,1,0.705749,-2.5051,-2.49928,2.48978,0.985316,0,-0.0111612,-0.362532,-0.42979,0.248107,0.152834,-7.15808e-18,-0.0265207,0.680722
8.95,-4.44697,-3.09761,-2.03289,-1.066,1,0.706709,-2.28571,-2.31134,2.91022,1.27306,0,0.0719079,-0.352784,-0.41127,0.270621,0.172871,0,-0.0261428,0.677734
9,-4.55565,-3.16159,-1.87747,-1.02839,1,0.70873,-2.06059,-2.22634,3.30158,1.39073,0,0.104053,-0.307921,-0.399766,0.283974,0.188012,7.22839e-18,-0.0262236,0.662696
9.05,-4.65294,-3.31489,-1.70328,-0.917749,1,0.717846,-1.83033,-1.99943,3.65996,1.66626,0,0.170969,-0.278133,-0.37422,0.296093,0.211691,0,-0.0258938,0.653891
9.1,-4.73861,-3.37022,-1.51208,-0.869785,1,0.722659,-1.59549,-1.90886,3.98176,1.76256,0,0.192348,-0.230061,-0.35734,0.305847,0.224376,-7.27658e-18,-0.0252629,0.639172
9.15,-4.81243,-3.49366,-1.30577,-0.742936,1,0.736365,-1.35667,-1.68532,4.26378,1.96733,0,0.22436,-0.195867,-0.324812,0.331431,0.245159,0,-0.024029,0.632858
9.2,-4.87422,-3.60733,-1.08641,-0.595072,1,0.752377,-1.11445,-1.44534,4.5032,2.13963,0,0.238608,-0.142404,-0.272173,0.320013,0.267746,3.65501e-18,-0.0209006,0.616423
9.25,-4.92383,-3.65222,-0.856202,-0.525715,1,0.759642,-0.869447,-1.33845,4.69762,2.20138,0,0.23835,-0.113472,-0.255121,0.341305,0.275098,0,-0.0201443,0.611781
9.3,-4.96113,-3.73617,-0.617434,-0.372765,1,0.774458,-0.622272,-1.11037,4.84511,2.29993,0,0.221028,-0.0567818,-0.198044,0.350092,0.294395,0,-0.0168933,0.602399
9.35,-4.98603,-3.77022,-0.372498,-0.298773,1,0.780959,-0.373541,-1.00271,4.94419,2.33221,0,0.206493,-0.0184034,-0.182374,0.335595,0.298757,9.18607e-19,-0.0159488,0.595671
9.4,-4.99847,-3.83118,-0.123839,-0.138923,1,0.792203,-0.123877,-0.77506,4.99386,2.37253,0,0.168176,0.0157114,-0.117781,0.354016,0.317136,0,-0.012518,0.594746
9.45,-4.99841,-3.8542,0.126057,-0.0616829,1,0.796583,0.126097,-0.666817,4.99364,2.37912,0,0.148753,0.0649171,-0.101698,0.361449,0.321844,0,-0.0117601,0.594729
9.5,-4.98586,-3.89125,0.374693,0.103691,1,0.803576,0.375756,-0.433686,4.94352,2.36724,0,0.103843,0.0923753,-0.0376585,0.375382,0.337532,3.72911e-18,-0.00880318,0.596764
9.55,-4.96085,-3.90321,0.619586,0.180559,1,0.805844,0.624475,-0.322887,4.84401,2.34932,0,0.0826575,0.128368,-0.0214099,0.357646,0.341447,0,-0.00814635,0.59947
9.6,-4.92344,-3.91673,0.858287,0.341144,1,0.80855,0.871634,-0.0842845,4.6961,2.2858,0,0.0414423,0.155076,0.0421488,0.370538,0.355684,3.72205e-18,-0.00567916,0.604011
9.65,-4.87372,-3.91757,1.08841,0.405714,1,0.808846,1.11661,0.0149821,4.50127,2.25061,0,0.0263447,0.227289,0.057057,0.399239,0.357642,0,-0.00522179,0.614436
9.7,-4.81182,-3.90699,1.30766,0.565851,1,0.807717,1.3588,0.270974,4.26146,2.13234,0,-0.00654882,0.266326,0.115188,0.413206,0.364329,0,-0.0037474,0.622427
9.75,-4.7379,-3.89636,1.51385,0.633859,1,0.806631,1.5976,0.385906,3.97907,2.06735,0,-0.0139295,0.288549,0.132614,0.396804,0.366389,7.52346e-18,-0.00337645,0.629384
9.8,-4.65213,-3.86136,1.70491,0.7706,1,0.803901,1.8324,0.637166,3.65693,1.9003,0,-0.0176961,0.308488,0.193988,0.380397,0.378287,7.47309e-18,-0.00168195,0.63942
9.85,-4.55474,-3.80786,1.87893,0.895408,1,0.799972,2.06262,0.895118,3.29825,1.69531,0,-0.0101271,0.358126,0.235215,0.408352,0.38349,1.51211e-17,-0.00128691,0.651733
9.9,-4.44596,-3.77661,2.03418,0.948882,1,0.798679,2.28768,1.01938,2.90661,1.58661,0,0.00227644,0.360375,0.259716,0.379782,0.384392,0,-0.00173378,0.65565
9.95,-4.32606,-3.70728,2.16911,1.03912,1,0.797376,2.50703,1.25373,2.48593,1.36155,0,0.0355485,0.385634,0.298504,0.386473,0.388499,0,-0.00194877,0.661661
10,-4.19536,-3.65334,2.28236,1.09128,1,0.79781,2.72011,1.40991,2.04041,1.19623,0,0.0620179,0.376326,0.320942,0.35301,0.389592,0,-0.00243801,0.661282
10.05,-4.05417,-3.56091,2.37281,1.1565,1,0.800691,2.92639,1.64025,1.57451,0.933601,0,0.104371,0.407412,0.345505,0.368279,0.386416,-1.48752e-17,-0.00454099,0.670423
10.1,-3.90284,-3.49171,2.43955,1.19086,1,0.804148,3.12535,1.79269,1.09287,0.747154,0,0.143358,0.412476,0.361448,0.355924,0.383005,0,-0.00614731,0.670864
10.15,-3.74176,-3.36027,2.48192,1.23154,1,0.814079,3.31651,2.04801,0.60031,0.413573,0,0.213991,0.430295,0.386455,0.363793,0.383023,0,-0.00636862,0.676248
10.2,-3.57133,-3.29253,2.49948,1.24257,1,0.820648,3.49937,2.16534,0.101754,0.250491,0,0.245772,0.44535,0.401127,0.366635,0.382944,0,-0.0065753,0.686869
10.25,-3.39197,-3.13703,2.49207,1.24994,1,0.836813,3.67349,2.4022,-0.397818,-0.0945023,0,0.298847,0.432415,0.4125,0.348759,0.376399,0,-0.00926583,0.681126
10.3,-3.20413,-3.05839,2.45977,1.24513,1,0.84586,3.83843,2.50968,-0.893415,-0.257761,0,0.326668,0.397638,0.415294,0.311792,0.37033,0,-0.0114358,0.664343
10.35,-3.00829,-2.88032,2.40288,1.21773,1,0.867687,3.99377,2.72109,-1.38009,-0.595262,0,0.372031,0.39678,0.416746,0.31236,0.359145,0,-0.0143117,0.66561
10.4,-2.80492,-2.70017,2.32199,1.17107,1,0.891009,4.13913,2.90153,-1.85297,-0.896112,0,0.403546,0.394822,0.409282,0.326787,0.346529,-7.32663e-18,-0.0169749,0.671232
10.45,-2.59455,-2.61783,2.21789,1.14473,1,0.901656,4.27415,2.97454,-2.30733,-1.02098,0,0.413801,0.341174,0.401409,0.272549,0.336751,0,-0.0186365,0.642611
10.5,-2.37769,-2.39702,2.09164,1.06103,1,0.930925,4.39848,3.15094,-2.73865,-1.32687,0,0.442679,0.33903,0.389186,0.293737,0.325078,-7.2494e-18,-0.0189818,0.650193
10.55,-2.15488,-2.30783,1.94449,1.02269,1,0.942743,4.51182,3.21353,-3.1426,-1.43609,0,0.445461,0.297121,0.3801,0.266925,0.318976,7.19365e-18,-0.0189253,0.636088
10.6,-1.92669,-2.08381,1.7779,0.918247,1,0.96986,4.61388,3.35003,-3.51514,-1.67394,0,0.432159,0.272345,0.354267,0.262425,0.302471,-7.18488e-18,-0.0208113,0.630355
10.65,-1.69369,-1.94725,1.59356,0.850608,1,0.983733,4.70441,3.42056,-3.85257,-1.7969,0,0.420688,0.220803,0.333296,0.236371,0.289206,3.56868e-18,-0.0223065,0.61429
10.7,-1.45645,-1.72356,1.39329,0.732252,1,1.00565,4.78317,3.52114,-4.15151,-1.96865,0,0.395329,0.19749,0.303123,0.225712,0.273155,-3.55974e-18,-0.0223352,0.605979
10.75,-1.21557,-1.59499,1.1791,0.661182,1,1.01691,4.84999,3.57155,-4.40896,-2.05024,0,0.371224,0.144992,0.28164,0.191517,0.264066,-1.76703e-18,-0.0216304,0.590456
10.8,-0.97165,-1.36268,0.953126,0.52765,1,1.03536,4.90468,3.64837,-4.62236,-2.16904,0,0.315057,0.0955483,0.242602,0.168481,0.246525,0,-0.0212311,0.579186
10.85,-0.725303,-1.22995,0.717632,0.449533,1,1.0437,4.94711,3.68387,-4.78957,-2.22031,0,0.274786,0.0707806,0.214751,0.155277,0.232689,0,-0.0209753,0.573413
10.9,-0.477144,-0.991533,0.474967,0.30631,1,1.05574,4.97718,3.7332,-4.90893,-2.28569,0,0.192436,0.0402235,0.169393,0.154432,0.21032,-8.77808e-19,-0.0201821,0.56934
10.95,-0.227793,-0.886312,0.227556,0.242509,1,1.05928,4.99481,3.75005,-4.97924,-2.30361,0,0.151515,-0.00693167,0.138647,0.136769,0.194777,0,-0.0192409,0.563895
11,0.022128,-0.613616,-0.022128,0.0762547,1,1.06338,4.99995,3.78082,-4.9998,-2.32596,0,0.0393193,-0.0325652,0.0939866,0.121745,0.172715,4.36915e-19,-0.0169394,0.562549
11.05,0.271994,-0.353508,-0.271591,-0.0818303,1,1.05989,4.9926,3.79609,-4.97041,-2.31647,0,-0.074096,-0.0724338,0.0337678,0.100699,0.148405,-4.35889e-19,-0.0128494,0.563843
11.1,0.52118,-0.246261,-0.518341,-0.146599,1,1.05621,4.97276,3.799,-4.89135,-2.30405,0,-0.121374,-0.120191,0.0195191,0.0773049,0.142358,-8.6996e-19,-0.0116857,0.56935
11.15,0.769063,0.0291116,-0.759912,-0.311046,1,1.04092,4.9405,3.79628,-4.76342,-2.25222,0,-0.242371,-0.150795,-0.037517,0.0655191,0.118007,0,-0.00694632,0.574049
11.2,1.01502,0.151226,-0.993889,-0.382742,1,1.03146,4.89589,3.7911,-4.58789,-2.21923,0,-0.293776,-0.213862,-0.0525581,0.0479913,0.112334,-8.68362e-19,-0.00583425,0.583583
11.25,1.25845,0.409915,-1.21794,-0.531112,1,1.00585,4.83904,3.77245,-4.36652,-2.12859,0,-0.391841,-0.252946,-0.111758,0.0382397,0.087216,0,-0.00138225,0.590355
11.3,1.49873,0.530982,-1.42981,-0.598591,1,0.991492,4.7701,3.75898,-4.10153,-2.07631,0,-0.433157,-0.296925,-0.1259,0.0161813,0.0809149,0,-0.00030949,0.605155
11.35,1.73526,0.786525,-1.62741,-0.735889,1,0.956981,4.68923,3.72123,-3.79555,-1.94237,0,-0.504477,-0.32518,-0.18446,0.00454494,0.0562934,1.08421e-19,0.00377452,0.614778
11.4,1.96745,0.906423,-1.80874,-0.797407,1,0.938909,4.59664,3.70023,-3.45165,-1.86785,0,-0.531847,-0.340474,-0.199759,-0.0183375,0.0501331,4.33754e-19,0.00472749,0.631535
11.45,2.19473,1.1593,-1.972,-0.919856,1,0.897943,4.49257,3.64468,-3.07326,-1.68342,0,-0.568852,-0.36461,-0.259922,-0.0268924,0.0261558,-8.67675e-19,0.00847621,0.642032
11.5,2.41652,1.27657,-2.11555,-0.972745,1,0.878261,4.37726,3.61348,-2.66417,-1.58412,0,-0.578386,-0.379838,-0.273021,-0.052841,0.0200876,0,0.00945134,0.658443
11.55,2.63228,1.52203,-2.23797,-1.07396,1,0.835969,4.25101,3.53586,-2.22845,-1.35041,0,-0.573329,-0.398755,-0.315348,-0.0739166,-0.00415863,0,0.0131986,0.673581
11.6,2.84145,1.62139,-2.33803,-1.11083,1,0.819027,4.11414,3.49937,-1.77047,-1.24542,0,-0.561674,-0.424649,-0.32516,-0.0869572,-0.010564,0,0.0141232,0.680354
11.65,3.04352,1.87131,-2.41472,-1.19115,1,0.778253,3.96699,3.39178,-1.2948,-0.947838,0,-0.509115,-0.414734,-0.372505,-0.106028,-0.0369514,-3.48904e-18,0.0170081,0.689623
11.7,3.23798,2.09947,-2.46729,-1.24627,1,0.743983,3.80992,3.27361,-0.80619,-0.637781,0,-0.441859,-0.452937,-0.397855,-0.126773,-0.0567416,0,0.0191911,0.699418
11.75,3.42435,2.20377,-2.4952,-1.26462,1,0.729864,3.64332,3.21076,-0.309526,-0.482056,0,-0.400201,-0.425996,-0.412513,-0.140077,-0.0700419,0,0.0206003,0.699171
11.8,3.60216,2.41884,-2.49819,-1.28701,1,0.701358,3.46762,3.06577,0.19023,-0.138868,0,-0.306902,-0.444468,-0.430161,-0.159495,-0.0906491,7.0281e-18,0.0224156,0.704523
11.85,3.77097,2.51639,-2.47621,-1.28932,1,0.690311,3.28326,2.99233,0.688085,0.0258195,0,-0.259482,-0.4283,-0.43403,-0.179054,-0.103259,-7.05163e-18,0.0231671,0.702321
11.9,3.93035,2.69264,-2.4295,-1.2794,1,0.67408,3.09069,2.84477,1.17907,0.335579,0,-0.162407,-0.429542,-0.438822,-0.196119,-0.122909,-7.07451e-18,0.024139,0.701927
11.95,4.07991,2.80497,-2.3585,-1.26242,1,0.666818,2.89039,2.73977,1.65826,0.542002,0,-0.0970015,-0.392958,-0.441437,-0.208153,-0.138805,0,0.0250434,0.69087
12,4.21927,2.96524,-2.26395,-1.22158,1,0.661258,2.68287,2.57408,2.12089,0.844052,0,-0.00453587,-0.398306,-0.437446,-0.236876,-0.158065,7.13822e-18,0.0254709,0.693512
12.05,4.34808,3.0664,-2.14677,-1.18442,1,0.660824,2.46864,2.45947,2.56233,1.03682,0,0.0528994,-0.348045,-0.430614,-0.241595,-0.172077,-7.14644e-18,0.0258581,0.675109
12.1,4.46603,3.22735,-2.00814,-1.10405,1,0.665542,2.24824,2.25224,2.97817,1.34567,0,0.143812,-0.337503,-0.415705,-0.258589,-0.194534,7.17753e-18,0.0268129,0.672242
12.15,4.57281,3.29807,-1.84945,-1.05913,1,0.669864,2.02222,2.15137,3.36425,1.48038,0,0.179336,-0.284563,-0.402064,-0.263419,-0.208331,0,0.0267839,0.652613
12.2,4.66817,3.44413,-1.67227,-0.954891,1,0.680749,1.79115,1.93944,3.71672,1.7343,0,0.235485,-0.26813,-0.372625,-0.294011,-0.226102,0,0.0255754,0.651054
12.25,4.75185,3.56749,-1.47839,-0.841662,1,0.69428,1.5556,1.73561,4.03205,1.9338,0,0.271515,-0.219132,-0.336943,-0.287297,-0.244344,3.61773e-18,0.0244045,0.630844
12.3,4.82366,3.63121,-1.26974,-0.772821,1,0.702626,1.31616,1.61961,4.30709,2.02908,0,0.282593,-0.195432,-0.31009,-0.310382,-0.258967,0,0.0238186,0.62735
12.35,4.88342,3.73252,-1.0484,-0.641564,1,0.718565,1.07343,1.41029,4.5391,2.16913,0,0.289573,-0.143128,-0.273315,-0.344139,-0.275151,-3.68554e-18,0.0222996,0.617368
12.4,4.93096,3.77264,-0.816588,-0.581553,1,0.725534,0.828021,1.31858,4.72575,2.21965,0,0.287541,-0.0971541,-0.245875,-0.351003,-0.286821,0,0.0211558,0.608112
12.45,4.96618,3.8629,-0.576614,-0.420841,1,0.743228,0.580541,1.08007,4.86519,2.31877,0,0.266894,-0.0606181,-0.202767,-0.367927,-0.304227,0,0.0194375,0.604474
12.5,4.98899,3.89327,-0.330879,-0.356603,1,0.749697,0.331609,0.986375,4.95601,2.34504,0,0.256013,-0.00992954,-0.173824,-0.380971,-0.313382,4.67176e-19,0.0177539,0.599684
12.55,4.99933,3.95673,-0.081838,-0.197586,1,0.763009,0.081849,0.758734,4.99732,2.38651,0,0.221843,0.0238649,-0.127366,-0.388979,-0.327547,0,0.0150999,0.598002
12.6,4.99717,3.98805,0.16802,-0.102803,1,0.768343,-0.168115,0.623811,4.98869,2.39439,0,0.198412,0.0652325,-0.0978797,-0.377836,-0.33767,-1.86637e-18,0.0139091,0.597276
12.65,4.98253,4.02564,0.4162,0.0490676,1,0.775941,-0.41766,0.403062,4.93022,2.37986,0,0.156569,0.0937519,-0.0499851,-0.388525,-0.354244,3.74885e-18,0.0119706,0.599929
12.7,4.95542,4.04059,0.660221,0.133785,1,0.778589,-0.66616,0.277366,4.82249,2.35805,0,0.131118,0.134904,-0.0175728,-0.381603,-0.363014,3.73835e-18,0.0105418,0.604284
12.75,4.91594,4.05461,0.897646,0.282137,1,0.782317,-0.912996,0.0507463,4.66658,2.29519,0,0.0943159,0.17968,0.0297531,-0.411166,-0.371287,0,0.00854694,0.610501
12.8,4.86416,4.05611,1.1261,0.363543,1,0.783294,-1.15755,-0.0792463,4.46403,2.24547,0,0.0780085,0.198515,0.062714,-0.383213,-0.378002,0,0.00730414,0.614281
12.85,4.80023,4.0461,1.3433,0.50336,1,0.784627,-1.39921,-0.315251,4.21689,2.13098,0,0.0533382,0.233677,0.112573,-0.401618,-0.387907,7.53875e-18,0.00554351,0.622462
12.9,4.7243,4.03692,1.54709,0.562049,1,0.784788,-1.63737,-0.420248,3.9276,2.07035,0,0.0471262,0.272981,0.142513,-0.404562,-0.392816,0,0.00463708,0.63239
12.95,4.63656,4.00028,1.73541,0.706047,1,0.785562,-1.87144,-0.693825,3.59908,1.88804,0,0.0427361,0.297814,0.18616,-0.405724,-0.398924,7.55199e-18,0.00370331,0.63919
13,4.53723,3.94957,1.9064,0.831979,1,0.786604,-2.10084,-0.95748,3.2346,1.67904,0,0.0537824,0.311535,0.240641,-0.386454,-0.404398,-7.49137e-18,0.00321067,0.643876
13.05,4.42657,3.92323,2.05833,0.879352,1,0.787156,-2.32498,-1.06607,2.83779,1.58383,0,0.0630179,0.381563,0.253442,-0.419056,-0.403175,-1.51923e-17,0.00385108,0.66297
13.1,4.30483,3.84039,2.1897,0.987402,1,0.790976,-2.54331,-1.34461,2.41263,1.31567,0,0.101346,0.411898,0.294809,-0.429316,-0.400927,-1.52629e-17,0.00532801,0.671145
13.15,4.17234,3.79679,2.29919,1.02873,1,0.793964,-2.75528,-1.46993,1.96337,1.18382,0,0.126902,0.411263,0.3058,-0.402412,-0.400806,0,0.00554525,0.668989
13.2,4.02942,3.69073,2.38571,1.10189,1,0.80309,-2.96037,-1.73217,1.49449,0.882603,0,0.179552,0.423947,0.353869,-0.401771,-0.405547,-1.50785e-17,0.00482898,0.675319
13.25,3.87643,3.63436,2.44839,1.1288,1,0.808717,-3.15806,-1.85427,1.01068,0.733641,0,0.202798,0.411527,0.360328,-0.36913,-0.404785,0,0.00537858,0.670697
13.3,3.71375,3.5016,2.48661,1.1697,1,0.823457,-3.34785,-2.10721,0.516763,0.40256,0,0.259398,0.428591,0.387681,-0.378783,-0.398688,0,0.0080078,0.678539
13.35,3.54178,3.43367,2.49998,1.18256,1,0.831638,-3.52928,-2.22239,0.017688,0.243013,0,0.286323,0.427058,0.39301,-0.365014,-0.396459,1.48566e-17,0.00871318,0.676969
13.4,3.36097,3.27783,2.48838,1.19436,1,0.852035,-3.70188,-2.45765,-0.481565,-0.101394,0,0.348319,0.435167,0.410761,-0.373019,-0.387754,1.49026e-17,0.0109753,0.682169
13.45,3.17175,3.19864,2.45191,1.19105,1,0.86326,-3.86523,-2.56508,-0.976005,-0.26565,0,0.376038,0.396504,0.415049,-0.327235,-0.386369,0,0.0111139,0.663601
13.5,2.9746,3.01909,2.39094,1.16653,1,0.889249,-4.01892,-2.77988,-1.46069,-0.606581,0,0.420829,0.397698,0.421252,-0.331625,-0.377215,0,0.0130542,0.667324
13.55,2.77002,2.9409,2.30608,1.14961,1,0.900673,-4.16257,-2.8624,-1.93079,-0.741895,0,0.433883,0.393029,0.418868,-0.34201,-0.372823,0,0.0143507,0.673921
13.6,2.55852,2.72918,2.19818,1.0881,1,0.931894,-4.29581,-3.05678,-2.38159,-1.07222,0,0.462024,0.37322,0.402844,-0.332737,-0.351563,7.34156e-18,0.0191887,0.666796
13.65,2.34062,2.51667,2.06832,1.00839,1,0.963368,-4.41831,-3.22221,-2.8086,-1.36215,0,0.488253,0.318312,0.389822,-0.281371,-0.33879,0,0.0199995,0.637475
13.7,2.11687,2.4128,1.91779,0.963955,1,0.978588,-4.52977,-3.29224,-3.20754,-1.48746,0,0.491276,0.280405,0.378101,-0.270045,-0.331099,7.19982e-18,0.0199069,0.627496
13.75,1.88783,2.18599,1.7481,0.859864,1,1.00649,-4.62991,-3.42721,-3.57443,-1.7232,0,0.478366,0.257974,0.351306,-0.264293,-0.315587,7.1885e-18,0.021151,0.624049
13.8,1.65407,2.0761,1.56094,0.805304,1,1.01939,-4.71848,-3.48287,-3.90562,-1.81998,0,0.464303,0.21064,0.329399,-0.233288,-0.30294,3.56605e-18,0.0222697,0.603671
13.85,1.41618,1.86542,1.35819,0.694931,1,1.04252,-4.79525,-3.57404,-4.19777,-1.97837,0,0.432779,0.182511,0.294174,-0.23913,-0.28234,0,0.0232978,0.602919
13.9,1.17475,1.72198,1.14186,0.616117,1,1.05689,-4.86004,-3.62566,-4.44799,-2.0662,0,0.401319,0.136269,0.269865,-0.203908,-0.269678,0,0.0230406,0.583088
13.95,0.93038,1.50308,0.914132,0.491475,1,1.07621,-4.91268,-3.69111,-4.65376,-2.17327,0,0.344296,0.106601,0.23,-0.19696,-0.251279,0,0.0219347,0.578997
14,0.683686,1.35503,0.677264,0.404951,1,1.08711,-4.95304,-3.72686,-4.81303,-2.22754,0,0.29458,0.0666841,0.201622,-0.164171,-0.238109,0,0.0210329,0.566518
14.05,0.435283,1.10026,0.43363,0.253279,1,1.101,-4.98102,-3.77396,-4.92421,-2.29216,0,0.200334,0.013984,0.158386,-0.180232,-0.21704,2.20411e-19,0.0193673,0.565038
14.1,0.185792,0.858484,0.185664,0.108685,1,1.10867,-4.99655,-3.80226,-4.98619,-2.32176,0,0.0987994,-0.038463,0.114591,-0.153433,-0.197032,4.38836e-19,0.0171104,0.55809
14.15,-0.064164,0.72242,-0.064158,0.0290301,1,1.11015,-4.99959,-3.81326,-4.99835,-2.32473,0,0.0380546,-0.0465588,0.0846255,-0.132233,-0.183642,4.375e-19,0.0152999,0.558852
14.2,-0.313959,0.479202,-0.313339,-0.11437,1,1.10789,-4.99013,-3.82359,-4.96057,-2.3107,0,-0.0732305,-0.104211,0.0375829,-0.116728,-0.163504,-8.73305e-19,0.0123354,0.55945
14.25,-0.562969,0.342165,-0.559389,-0.194375,1,1.10353,-4.96821,-3.82451,-4.87323,-2.29143,0,-0.137102,-0.143322,0.00616477,-0.0914375,-0.150654,0,0.010181,0.5665
14.3,-0.810572,0.0983015,-0.79985,-0.335836,1,1.09031,-4.93386,-3.81736,-4.73719,-2.23835,0,-0.246191,-0.189591,-0.0383015,-0.0880222,-0.131023,0,0.00666292,0.569171
14.35,-1.05615,-0.00821273,-1.03232,-0.396551,1,1.08236,-4.88718,-3.81088,-4.55382,-2.20785,0,-0.29213,-0.224557,-0.0685075,-0.0778245,-0.118164,0,0.00428063,0.573625
14.4,-1.29909,-0.281286,-1.25447,-0.549089,1,1.05639,-4.82829,-3.78589,-4.32495,-2.10695,0,-0.400531,-0.245825,-0.114704,-0.0538006,-0.100594,0,0.00107086,0.588975
14.45,-1.53878,-0.386983,-1.46409,-0.606369,1,1.04428,-4.75733,-3.77342,-4.05287,-2.0586,0,-0.439322,-0.277269,-0.144208,-0.0330576,-0.0897228,0,-0.000975335,0.603779
14.5,-1.77462,-0.641738,-1.65908,-0.738612,1,1.01077,-4.67448,-3.73476,-3.74029,-1.92136,0,-0.515273,-0.325578,-0.183353,-0.0198945,-0.0733935,0,-0.00406185,0.614428
14.55,-2.00603,-0.789827,-1.8375,-0.810466,1,0.988844,-4.57994,-3.70608,-3.39034,-1.82693,0,-0.549279,-0.340309,-0.209387,0.00433991,-0.0615983,0,-0.00610391,0.630857
14.6,-2.23242,-1.02451,-1.99755,-0.918028,1,0.951516,-4.47396,-3.65302,-3.00651,-1.65201,0,-0.584447,-0.364177,-0.254201,0.0151847,-0.0447044,4.33731e-19,-0.00870807,0.641098
14.65,-2.45324,-1.15496,-2.13765,-0.973344,1,0.929412,-4.35679,-3.61821,-2.59265,-1.54076,0,-0.595264,-0.378441,-0.280403,0.0392394,-0.0330539,0,-0.0104417,0.656886
14.7,-2.66792,-1.38381,-2.25639,-1.06234,1,0.890196,-4.22873,-3.54675,-2.15288,-1.32021,0,-0.591799,-0.421809,-0.31695,0.053378,-0.0134389,0,-0.0135027,0.669537
14.75,-2.87594,-1.51043,-2.35258,-1.10593,1,0.868469,-4.09011,-3.50029,-1.6916,-1.18235,0,-0.577753,-0.415265,-0.340368,0.0745414,-0.000700397,0,-0.0151746,0.679254
14.8,-3.07676,-1.73126,-2.42526,-1.17139,1,0.831632,-3.94126,-3.40592,-1.21341,-0.914516,0,-0.533781,-0.40419,-0.371114,0.0927,0.0176578,0,-0.0174512,0.684398
14.85,-3.2699,-1.95891,-2.47372,-1.22164,1,0.796647,-3.78256,-3.29064,-0.723106,-0.605605,0,-0.466794,-0.474578,-0.400777,0.119341,0.0441685,0,-0.0205383,0.702747
14.9,-3.45486,-2.06319,-2.49745,-1.23632,1,0.781983,-3.61441,-3.23068,-0.225574,-0.452282,0,-0.429258,-0.458033,-0.405997,0.142122,0.0505185,0,-0.0211445,0.70258
14.95,-3.63119,-2.2781,-2.49624,-1.24939,1,0.755339,-3.43722,-3.09053,0.274211,-0.112966,0,-0.332186,-0.476561,-0.428543,0.161098,0.0767425,-7.02992e-18,-0.0229055,0.709571
15,-3.79844,-2.36376,-2.47008,-1.24829,1,0.746462,-3.25144,-3.02778,0.771257,0.0314036,0,-0.288677,-0.438342,-0.433,0.177115,0.0836211,7.04917e-18,-0.0233191,0.701124
15.05,-3.9562,-2.5757,-2.41924,-1.22816,1,0.729456,-3.05753,-2.85435,1.2606,0.406497,0,-0.175126,-0.426134,-0.445261,0.19219,0.113664,-7.06905e-18,-0.0254383,0.698552
15.1,-4.10407,-2.66578,-2.34423,-1.21096,1,0.724483,-2.85598,-2.77177,1.73734,0.570351,0,-0.12628,-0.391892,-0.444324,0.208146,0.120918,7.09197e-18,-0.02578,0.688168
15.15,-4.24168,-2.84821,-2.2458,-1.15764,1,0.719057,-2.6473,-2.58605,2.19673,0.905429,0,-0.030153,-0.385693,-0.433051,0.228746,0.148495,0,-0.0261055,0.686391
15.2,-4.36869,-2.92963,-2.12492,-1.12521,1,0.71876,-2.43199,-2.49529,2.63416,1.05462,0,0.0123787,-0.350443,-0.42775,0.249966,0.155327,-7.16147e-18,-0.0260868,0.674081
15.25,-4.48477,-3.09283,-1.98282,-1.04125,1,0.722559,-2.21061,-2.29461,3.04528,1.35128,0,0.0955703,-0.33164,-0.404224,0.264664,0.184353,0,-0.0263137,0.667535
15.3,-4.58965,-3.16392,-1.8209,-0.993844,1,0.725756,-1.9837,-2.19499,3.42597,1.48102,0,0.129054,-0.28078,-0.398084,0.267991,0.192552,0,-0.0265915,0.650185
15.35,-4.68306,-3.30337,-1.64079,-0.878874,1,0.735074,-1.75184,-1.97559,3.77243,1.73248,0,0.18191,-0.26664,-0.362915,0.288967,0.225026,0,-0.0265133,0.648184
15.4,-4.76476,-3.36407,-1.44429,-0.819774,1,0.740659,-1.51559,-1.87075,4.08119,1.8365,0,0.198633,-0.207578,-0.35413,0.299919,0.23029,0,-0.0261376,0.632035
15.45,-4.83456,-3.48197,-1.23335,-0.68424,1,0.753849,-1.27556,-1.64492,4.34918,2.02851,0,0.224989,-0.187014,-0.306428,0.31556,0.253749,3.64966e-18,-0.0233403,0.627069
15.5,-4.89227,-3.58485,-1.01009,-0.537945,1,0.768398,-1.03234,-1.4176,4.57371,2.17714,0,0.228704,-0.133441,-0.265332,0.310899,0.272641,3.64415e-18,-0.021687,0.612334
15.55,-4.93775,-3.62806,-0.776743,-0.46627,1,0.775335,-0.786536,-1.3109,4.75254,2.23205,0,0.222305,-0.0728571,-0.235833,0.340233,0.283428,0,-0.0200623,0.603595
15.6,-4.97089,-3.7086,-0.535631,-0.309221,1,0.789328,-0.538768,-1.08219,4.88389,2.31723,0,0.198538,-0.0362157,-0.189526,0.362566,0.296417,0,-0.0170575,0.600764
15.65,-4.9916,-3.74126,-0.289168,-0.233875,1,0.795374,-0.289654,-0.975957,4.96644,2.34396,0,0.1827,-0.0101368,-0.158038,0.328635,0.304326,0,-0.0151138,0.59423
15.7,-4.99984,-3.79665,-0.039815,-0.0697622,1,0.803215,-0.039816,-0.74631,4.99937,2.37286,0,0.141572,0.043291,-0.107269,0.375567,0.318476,-1.86469e-18,-0.0127633,0.594824
15.75,-4.99558,-3.81746,0.209936,0.00760648,1,0.805957,0.210122,-0.638038,4.98234,2.37311,0,0.11988,0.0830739,-0.074447,0.370333,0.326771,0,-0.011253,0.596653
15.8,-4.97884,-3.84732,0.457589,0.15194,1,0.809195,0.459534,-0.43372,4.91553,2.35288,0,0.0767475,0.131793,-0.0285552,0.400941,0.335513,0,-0.00893635,0.599432
15.85,-4.94965,-3.86065,0.70067,0.246912,1,0.81023,0.707798,-0.297448,4.79961,2.32525,0,0.0504916,0.162378,0.00124863,0.386585,0.340696,0,-0.00752671,0.604864
15.9,-4.90809,-3.87062,0.936751,0.386385,1,0.810257,0.954293,-0.0884398,4.63573,2.26136,0,0.0165038,0.196615,0.0499497,0.398827,0.352722,0,-0.00563888,0.608591
15.95,-4.85426,-3.87043,1.16347,0.4767,1,0.809326,1.1984,0.0531292,4.42553,2.20314,0,-0.00378946,0.217655,0.0816181,0.377984,0.360818,0,-0.00454491,0.617619
16,-4.7883,-3.85717,1.37857,0.623815,1,0.806162,1.43952,0.300312,4.17112,2.0756,0,-0.0276195,0.24983,0.128306,0.39182,0.370956,7.50787e-18,-0.00307755,0.623499
16.05,-4.71037,-3.8452,1.57989,0.689597,1,0.804459,1.67703,0.419666,3.87502,2.00209,0,-0.033279,0.312222,0.157834,0.412033,0.376815,0,-0.0022902,0.641283
16.1,-4.62066,-3.80732,1.76542,0.823884,1,0.799787,1.91036,0.676292,3.54021,1.82407,0,-0.032247,0.322524,0.198826,0.402231,0.37908,7.54072e-18,-0.00237579,0.643776
16.15,-4.51941,-3.7558,1.93332,0.937487,1,0.796793,2.13891,0.9227,3.17003,1.62143,0,-0.00723006,0.372634,0.23993,0.416477,0.384006,0,-0.0019946,0.65858
16.2,-4.40686,-3.71988,2.0819,0.995407,1,0.795888,2.36211,1.06323,2.76817,1.49345,0,0.00923711,0.399537,0.268602,0.424167,0.388137,-1.52272e-17,-0.00164373,0.665778
16.25,-4.2833,-3.64362,2.20968,1.0854,1,0.796425,2.57941,1.31396,2.33866,1.24131,0,0.0503071,0.40589,0.302874,0.402536,0.389631,-1.50834e-17,-0.00242687,0.672308
16.3,-4.14903,-3.60522,2.31537,1.11952,1,0.797565,2.79026,1.4239,1.88578,1.12218,0,0.0727316,0.414797,0.325404,0.388614,0.390392,1.4996e-17,-0.00289642,0.675535
16.35,-4.00439,-3.4926,2.39794,1.19074,1,0.803452,2.99414,1.70221,1.41405,0.795561,0,0.131862,0.445036,0.35409,0.404276,0.38982,1.50946e-17,-0.00395801,0.688008
16.4,-3.84974,-3.44345,2.45655,1.2119,1,0.807042,3.19053,1.80859,0.928199,0.663121,0,0.157836,0.435653,0.367144,0.379292,0.386655,0,-0.00568992,0.682119
16.45,-3.68547,-3.31231,2.4906,1.24871,1,0.818314,3.37895,2.06182,0.433071,0.327875,0,0.225934,0.439012,0.386675,0.374154,0.383064,0,-0.00742779,0.682645
16.5,-3.51199,-3.22782,2.49978,1.26144,1,0.826089,3.55893,2.20482,-0.066384,0.127158,0,0.26271,0.412923,0.399134,0.335938,0.381174,-1.46995e-17,-0.00805426,0.670405
16.55,-3.32972,-3.08084,2.48398,1.26395,1,0.841836,3.73,2.42277,-0.565175,-0.194776,0,0.315135,0.42574,0.408812,0.347757,0.374689,0,-0.0101004,0.678513
16.6,-3.13914,-2.99223,2.44336,1.25641,1,0.852093,3.89176,2.53812,-1.05832,-0.372204,0,0.338547,0.407539,0.411916,0.328286,0.368214,0,-0.0119458,0.670972
16.65,-2.94071,-2.82441,2.37832,1.22596,1,0.87332,4.04379,2.73407,-1.54089,-0.68632,0,0.387971,0.364887,0.41067,0.286017,0.357597,7.23272e-18,-0.0145539,0.649197
16.7,-2.73493,-2.72467,2.28952,1.20013,1,0.886539,4.18571,2.83746,-2.00806,-0.85653,0,0.409594,0.383961,0.411559,0.322619,0.353064,-1.46327e-17,-0.0149117,0.668062
16.75,-2.52231,-2.5383,2.17785,1.13854,1,0.912004,4.31717,3.00784,-2.45517,-1.14393,0,0.434543,0.329443,0.402059,0.270481,0.341808,7.20069e-18,-0.017039,0.641558
16.8,-2.30339,-2.32887,2.04442,1.05341,1,0.940791,4.43783,3.17107,-2.87775,-1.4239,0,0.453667,0.335418,0.380187,0.304213,0.324645,0,-0.0192686,0.653769
16.85,-2.07871,-2.22602,1.89055,1.00761,1,0.954145,4.54741,3.24123,-3.27158,-1.54444,0,0.455012,0.279634,0.373148,0.264762,0.320135,0,-0.0196874,0.632488
16.9,-1.84884,-1.99986,1.7178,0.898819,1,0.981938,4.64562,3.37754,-3.63271,-1.774,0,0.447674,0.262945,0.341152,0.270777,0.301586,0,-0.0209453,0.630793
16.95,-1.61435,-1.9042,1.52789,0.849493,1,0.993239,4.73222,3.42832,-3.95755,-1.85811,0,0.439414,0.208622,0.330822,0.229162,0.295947,3.56258e-18,-0.0212712,0.609085
17,-1.37582,-1.65238,1.32271,0.711787,1,1.02155,4.80699,3.5428,-4.24285,-2.04255,0,0.401974,0.177473,0.286178,0.215468,0.273887,0,-0.0215395,0.599616
17.05,-1.13385,-1.53805,1.10431,0.646393,1,1.03323,4.86974,3.58604,-4.48576,-2.11003,0,0.376741,0.131101,0.273435,0.181237,0.267278,0,-0.021706,0.583812
17.1,-0.889045,-1.291,0.874878,0.500899,1,1.05509,4.92033,3.66142,-4.68384,-2.2228,0,0.30396,0.100653,0.217798,0.177975,0.236525,0,-0.0222953,0.578532
17.15,-0.642021,-1.17319,0.636706,0.429819,1,1.06371,4.95861,3.68948,-4.83512,-2.26257,0,0.264466,0.0512914,0.203076,0.15772,0.2279,0,-0.0222952,0.568932
17.2,-0.393391,-0.92029,0.392171,0.275084,1,1.07748,4.9845,3.73471,-4.9381,-2.32129,0,0.168941,0.0221322,0.143646,0.149833,0.197141,0,-0.0203593,0.564547
17.25,-0.143778,-0.799235,0.143719,0.201381,1,1.08176,4.99793,3.75072,-4.99173,-2.33678,0,0.119498,-0.0151658,0.128274,0.122222,0.190473,1.09235e-19,-0.0195575,0.561317
17.3,0.106194,-0.539519,-0.10617,0.0440299,1,1.08533,4.99887,3.77519,-4.99549,-2.34571,0,0.005276,-0.0404064,0.0682543,0.119041,0.16457,4.36772e-19,-0.0155651,0.560201
17.35,0.355901,-0.417226,-0.354998,-0.0302735,1,1.08427,4.98732,3.78194,-4.94933,-2.3398,0,-0.0514086,-0.119275,0.0534257,0.103396,0.158109,-8.72019e-19,-0.0144484,0.561682
17.4,0.604718,-0.157026,-0.600279,-0.187182,1,1.07601,4.9633,3.78806,-4.85373,-2.3074,0,-0.170177,-0.124028,-0.00469747,0.0696188,0.133875,0,-0.00991671,0.571635
17.45,0.852024,-0.0499506,-0.839562,-0.251112,1,1.0703,4.92687,3.78697,-4.70962,-2.28666,0,-0.218615,-0.190217,-0.019625,0.0709073,0.127802,1.73909e-18,-0.00877367,0.572727
17.5,1.0972,0.224392,-1.07046,-0.412532,1,1.04982,4.87813,3.77525,-4.51846,-2.20922,0,-0.33379,-0.221154,-0.0839541,0.0451992,0.10346,0,-0.00403196,0.587209
17.55,1.33963,0.482024,-1.29066,-0.559161,1,1.02314,4.8172,3.75187,-4.28215,-2.1079,0,-0.428756,-0.265911,-0.122832,0.0351771,0.0856093,0,-0.000594193,0.592846
17.6,1.57872,0.602447,-1.49796,-0.625672,1,1.00852,4.74422,3.73678,-4.00306,-2.05096,0,-0.466652,-0.304632,-0.149606,0.0136601,0.0727121,4.33721e-19,0.00173748,0.60972
17.65,1.81386,0.859791,-1.6903,-0.757979,1,0.974182,4.65939,3.6961,-3.68397,-1.90562,0,-0.533263,-0.337608,-0.19417,0.00142478,0.0540399,0,0.00485011,0.617358
17.7,2.04446,0.979599,-1.86574,-0.816689,1,0.956543,4.56291,3.67249,-3.32807,-1.82479,0,-0.556134,-0.342843,-0.226972,-0.0210825,0.0420724,0,0.00666818,0.636558
17.75,2.26996,1.20173,-2.02255,-0.919536,1,0.921819,4.45503,3.61955,-2.93891,-1.65277,0,-0.584864,-0.371367,-0.268819,-0.0343486,0.0241931,0,0.00953493,0.645078
17.8,2.48978,1.3476,-2.15914,-0.982221,1,0.898174,4.33601,3.57869,-2.5204,-1.52312,0,-0.591469,-0.379429,-0.295321,-0.0544099,0.0106824,0,0.0117564,0.662047
17.85,2.70338,1.56269,-2.27417,-1.06632,1,0.862682,4.20615,3.50834,-2.07669,-1.30908,0,-0.582993,-0.428036,-0.32638,-0.0721651,-0.00645287,-1.73925e-18,0.0141795,0.672457
17.9,2.91022,1.70335,-2.36647,-1.11508,1,0.839562,4.06579,3.45465,-1.61224,-1.15233,0,-0.563152,-0.417676,-0.345723,-0.0907617,-0.0186494,-3.48379e-18,0.0157499,0.682425
17.95,3.10979,1.93682,-2.43512,-1.18317,1,0.802368,3.91525,3.34951,-1.13169,-0.862812,0,-0.50905,-0.440118,-0.377175,-0.104922,-0.0381679,0,0.017928,0.688886
18,3.30158,2.15033,-2.47945,-1.22939,1,0.770767,3.75494,3.2359,-0.639818,-0.564871,0,-0.4412,-0.467448,-0.40236,-0.136736,-0.0579302,-3.50214e-18,0.0198574,0.704139
18.05,3.48513,2.26878,-2.499,-1.24784,1,0.753876,3.58523,3.16621,-0.141559,-0.390194,0,-0.395462,-0.458523,-0.414127,-0.146859,-0.0724436,0,0.021198,0.703602
18.1,3.65996,2.47112,-2.49358,-1.26422,1,0.729177,3.40657,3.02731,0.358116,-0.066243,0,-0.299275,-0.427959,-0.430016,-0.159644,-0.0923252,0,0.022998,0.699742
18.15,3.82564,2.58094,-2.46325,-1.26435,1,0.717954,3.21939,2.94357,0.854212,0.119656,0,-0.244848,-0.436525,-0.438997,-0.195033,-0.108292,1.4146e-17,0.0241968,0.70421
18.2,3.98176,2.76732,-2.4083,-1.24773,1,0.703494,3.02416,2.78453,1.34177,0.446269,0,-0.149306,-0.402693,-0.438099,-0.190267,-0.12672,0,0.0249803,0.693441
18.25,4.12793,2.84557,-2.32929,-1.23398,1,0.699104,2.82138,2.71066,1.81593,0.586694,0,-0.105848,-0.414612,-0.435686,-0.234262,-0.140078,7.13375e-18,0.0253892,0.696958
18.3,4.26378,3.03622,-2.22701,-1.18063,1,0.693562,2.61154,2.50972,2.27194,0.936954,0,0.00307444,-0.396274,-0.429468,-0.249103,-0.161282,0,0.0260907,0.691102
18.35,4.38898,3.10629,-2.10248,-1.15317,1,0.693636,2.39518,2.42757,2.70525,1.06834,0,0.0440843,-0.352697,-0.424714,-0.256497,-0.176438,7.17358e-18,0.0266698,0.676002
18.4,4.5032,3.26744,-1.95694,-1.07205,1,0.698035,2.17283,2.21973,3.11153,1.37053,0,0.128328,-0.33068,-0.412571,-0.275218,-0.198946,0,0.0272904,0.670767
18.45,4.60617,3.3568,-1.79184,-1.01572,1,0.702655,1.94505,2.09405,3.48672,1.53319,0,0.169352,-0.28022,-0.398022,-0.291326,-0.213205,0,0.0273739,0.65508
18.5,4.69762,3.48823,-1.60885,-0.912295,1,0.713915,1.7124,1.88816,3.82707,1.76806,0,0.22467,-0.259077,-0.369409,-0.306243,-0.232021,7.27749e-18,0.026342,0.648951
18.55,4.77734,3.55633,-1.40977,-0.847949,1,0.72165,1.47548,1.77012,4.12918,1.88349,0,0.247624,-0.204006,-0.348456,-0.304789,-0.246216,-3.63708e-18,0.0259267,0.630122
18.6,4.84511,3.66571,-1.19661,-0.723495,1,0.737219,1.23487,1.55699,4.39004,2.05784,0,0.269485,-0.156225,-0.311347,-0.309293,-0.266079,7.28455e-18,0.0247365,0.616995
18.65,4.90077,3.76665,-0.9715,-0.580398,1,0.754273,0.99117,1.33055,4.60703,2.19991,0,0.270343,-0.128039,-0.253817,-0.328651,-0.284911,0,0.0210772,0.612217
18.7,4.94419,3.80853,-0.736679,-0.509849,1,0.762236,0.744995,1.22429,4.77799,2.25292,0,0.26715,-0.0780895,-0.23883,-0.341078,-0.289502,0,0.0202107,0.602718
18.75,4.97524,3.88608,-0.494497,-0.355141,1,0.778369,0.496958,0.99714,4.90121,2.33475,0,0.244043,-0.0553006,-0.178865,-0.355361,-0.312722,-1.85033e-18,0.0178955,0.600504
18.8,4.99386,3.91787,-0.247374,-0.280056,1,0.78527,0.247678,0.889801,4.97546,2.3602,0,0.228733,-0.00882985,-0.1633,-0.342877,-0.31831,-2.30243e-19,0.017264,0.595058
18.85,5,3.97468,0.00222,-0.118024,1,0.797989,-0.00222,0.660625,5,2.38683,0,0.186363,0.0216778,-0.101421,-0.36558,-0.337219,0,0.0142758,0.595704
18.9,4.99364,3.99333,0.251793,-0.0510246,1,0.802558,-0.252113,0.565197,4.97458,2.38723,0,0.169439,0.0726304,-0.0856583,-0.370892,-0.340416,1.86128e-18,0.0134004,0.595955
18.95,4.9748,4.02811,0.498849,0.120492,1,0.812346,-0.501376,0.318654,4.89945,2.36162,0,0.123324,0.133073,-0.0214185,-0.413265,-0.356664,0,0.0104931,0.599845
19,4.94352,4.03758,0.740921,0.195811,1,0.815725,-0.749386,0.206554,4.77537,2.33691,0,0.103463,0.165773,-0.00495248,-0.399761,-0.361423,0,0.00978828,0.604442
19.05,4.89989,4.04549,0.975591,0.35257,1,0.821,-0.995523,-0.0353223,4.60357,2.25944,0,0.0636785,0.19525,0.0596159,-0.406808,-0.375579,0,0.00731397,0.609896
19.1,4.84401,4.04326,1.20051,0.424223,1,0.822673,-1.23917,-0.150158,4.38578,2.21038,0,0.0488457,0.230406,0.0747366,-0.400653,-0.377053,-1.50713e-17,0.00686088,0.616684
19.15,4.77603,4.0261,1.41344,0.570631,1,0.824639,-1.47972,-0.397423,4.12417,2.08197,0,0.0256947,0.277626,0.132116,-0.427406,-0.381488,7.62479e-18,0.00564549,0.626126
19.2,4.6961,4.01283,1.61224,0.637524,1,0.824713,-1.71657,-0.513541,3.82135,2.01089,0,0.01876,0.288936,0.146471,-0.400091,-0.383166,0,0.00526089,0.629949
19.25,4.60444,3.9727,1.79494,0.772577,1,0.823946,-1.94914,-0.766546,3.48035,1.83267,0,0.0174713,0.325472,0.207408,-0.422181,-0.393581,0,0.00353905,0.641345
19.3,4.50127,3.94746,1.9597,0.831237,1,0.823784,-2.17683,-0.886882,3.10457,1.73613,0,0.0197031,0.355873,0.22312,-0.411561,-0.394805,0,0.00348678,0.651677
19.35,4.38685,3.88061,2.10488,0.944725,1,0.824176,-2.39908,-1.14966,2.69777,1.50298,0,0.0466896,0.356916,0.272779,-0.381344,-0.400182,0,0.00301515,0.653988
19.4,4.26146,3.7952,2.22903,1.04054,1,0.827042,-2.61533,-1.41569,2.26402,1.23243,0,0.08522,0.382342,0.312438,-0.391269,-0.404902,0,0.00273455,0.661529
19.45,4.12542,3.74853,2.3309,1.07876,1,0.829521,-2.82504,-1.54044,1.80765,1.09423,0,0.105663,0.379859,0.331416,-0.36335,-0.403811,0,0.00385369,0.66177
19.5,3.97907,3.63619,2.40949,1.14484,1,0.837237,-3.0277,-1.79807,1.33322,0.786455,0,0.156881,0.40974,0.353315,-0.379207,-0.397285,-1.49391e-17,0.00671324,0.670591
19.55,3.82278,3.57713,2.464,1.16831,1,0.842266,-3.22279,-1.91764,0.845459,0.633732,0,0.187692,0.41209,0.369448,-0.366227,-0.394692,0,0.00762578,0.67004
19.6,3.65693,3.44186,2.49389,1.20391,1,0.853348,-3.40982,-2.16595,0.349256,0.298003,0,0.251963,0.424629,0.392355,-0.369369,-0.392436,0,0.00814148,0.674
19.65,3.48194,3.37221,2.49887,1.2124,1,0.860306,-3.58833,-2.27961,-0.150436,0.134238,0,0.280921,0.394593,0.405808,-0.330217,-0.391876,0,0.00818575,0.663011
19.7,3.29825,3.23171,2.47887,1.214,1,0.87581,-3.75787,-2.48546,-0.648626,-0.171812,0,0.327138,0.408713,0.416286,-0.340386,-0.386191,1.47225e-17,0.0101439,0.670502
19.75,3.10631,3.13106,2.43411,1.20465,1,0.887978,-3.91801,-2.6154,-1.14034,-0.374426,0,0.356851,0.388805,0.417457,-0.321706,-0.378607,1.46283e-17,0.0125285,0.662485
19.8,2.90661,2.97028,2.36503,1.17528,1,0.908991,-4.06837,-2.80024,-1.62065,-0.672438,0,0.403646,0.413934,0.41643,-0.356622,-0.36879,1.48096e-17,0.0148146,0.680571
19.85,2.69964,2.85691,2.27232,1.14574,1,0.924531,-4.20855,-2.91415,-2.08477,-0.8629,0,0.425254,0.372849,0.413921,-0.324328,-0.362432,7.32055e-18,0.0158086,0.663052
19.9,2.48593,2.65386,2.1569,1.07829,1,0.952938,-4.33822,-3.09222,-2.52806,-1.16771,0,0.452534,0.372987,0.400599,-0.34258,-0.348548,-7.36698e-18,0.0186438,0.670538
19.95,2.266,2.45369,2.01993,0.997626,1,0.980725,-4.45704,-3.24196,-2.9461,-1.42879,0,0.470996,0.317619,0.383132,-0.298038,-0.333723,0,0.0205525,0.643794
20,2.04041,2.33928,1.86278,0.946801,1,0.995957,-4.56473,-3.31741,-3.33469,-1.56214,0,0.47285,0.296938,0.369544,-0.293405,-0.325644,0,0.0204463,0.639547
20.05,1.80972,2.12765,1.68702,0.8438,1,1.02369,-4.661,-3.43808,-3.68997,-1.77354,0,0.460645,0.246147,0.344038,-0.253658,-0.31116,-3.58414e-18,0.0214357,0.616536
20.1,1.57451,2.0054,1.4944,0.780287,1,1.03879,-4.74562,-3.49775,-4.00837,-1.87691,0,0.44677,0.197173,0.320288,-0.216727,-0.298,-3.55255e-18,0.0223965,0.595695
20.15,1.33536,1.78186,1.28685,0.65786,1,1.06448,-4.81838,-3.5878,-4.28673,-2.03235,0,0.404936,0.174633,0.287248,-0.219163,-0.279951,0,0.023142,0.592656
20.2,1.09287,1.68231,1.06644,0.601377,1,1.07469,-4.8791,-3.62232,-4.52226,-2.08892,0,0.382113,0.130034,0.261455,-0.20244,-0.265831,-1.77089e-18,0.0233576,0.580869
20.25,0.847648,1.42155,0.835378,0.449007,1,1.098,-4.92763,-3.69443,-4.7126,-2.2038,0,0.309111,0.099833,0.220757,-0.191221,-0.245972,0,0.0225791,0.574061
20.3,0.60031,1.31874,0.595967,0.387676,1,1.10558,-4.96383,-3.71737,-4.85585,-2.23729,0,0.275275,0.0620944,0.192555,-0.16412,-0.235038,0,0.0211407,0.565059
20.35,0.351471,1.06652,0.350602,0.23603,1,1.11944,-4.98763,-3.76317,-4.95059,-2.29465,0,0.178414,0.00175748,0.146086,-0.175383,-0.216029,0,0.0186993,0.561973
20.4,0.101754,0.917007,0.101733,0.146402,1,1.124,-4.99897,-3.78314,-4.99586,-2.31232,0,0.115804,-0.0386644,0.119976,-0.143397,-0.20383,0,0.0172191,0.558684
20.45,-0.148217,0.675907,-0.148152,0.00128778,1,1.12632,-4.9978,-3.80407,-4.99121,-2.31765,0,0.00744617,-0.0743417,0.0742186,-0.139603,-0.184402,-8.75883e-19,0.0144851,0.557226
20.5,-0.397818,0.539768,-0.396557,-0.0802552,1,1.12453,-4.98415,-3.81052,-4.9367,-2.3091,0,-0.0554607,-0.123818,0.0421566,-0.115228,-0.1713,8.73152e-19,0.0125595,0.560384
20.55,-0.646424,0.296846,-0.640999,-0.224825,1,1.11622,-4.95804,-3.81369,-4.83285,-2.27364,0,-0.168255,-0.146502,-0.0028715,-0.0878008,-0.151432,-8.70716e-19,0.00924656,0.568676
20.6,-0.893415,0.160165,-0.879037,-0.304948,1,1.10841,-4.91953,-3.81092,-4.68072,-2.2429,0,-0.230758,-0.183967,-0.0332995,-0.079969,-0.139118,0,0.00702448,0.573278
20.65,-1.13817,-0.0827653,-1.10829,-0.444792,1,1.08954,-4.86873,-3.79921,-4.48182,-2.16865,0,-0.333982,-0.218468,-0.0787635,-0.0571664,-0.12088,8.68781e-19,0.00360617,0.585273
20.7,-1.38009,-0.339862,-1.32647,-0.587598,1,1.06234,-4.80576,-3.77419,-4.23815,-2.06375,0,-0.429646,-0.267098,-0.133865,-0.0532897,-0.0947702,0,-0.0010843,0.590723
20.75,-1.61855,-0.460309,-1.5314,-0.652052,1,1.04772,-4.73078,-3.75788,-3.95212,-2.00457,0,-0.469051,-0.296578,-0.147525,-0.0399182,-0.0884615,-8.68053e-19,-0.00217934,0.600132
20.8,-1.85297,-0.71444,-1.72103,-0.782063,1,1.01283,-4.64398,-3.71461,-3.62661,-1.85669,0,-0.539994,-0.315806,-0.211579,-0.0188601,-0.0645589,4.33758e-19,-0.00584604,0.615874
20.85,-2.08275,-0.818222,-1.89346,-0.832599,1,0.997153,-4.54556,-3.69459,-3.26486,-1.78627,0,-0.562809,-0.337816,-0.222831,0.00608453,-0.0602016,2.16844e-19,-0.00652545,0.633499
20.9,-2.30733,-1.08227,-2.04697,-0.953186,1,0.954167,-4.43579,-3.63191,-2.87048,-1.58027,0,-0.600096,-0.381011,-0.274693,0.0212254,-0.037509,0,-0.0101717,0.64653
20.95,-2.52615,-1.1981,-2.18003,-1.00186,1,0.934579,-4.31492,-3.59924,-2.44743,-1.47588,0,-0.604856,-0.385448,-0.288188,0.0434459,-0.0316196,0,-0.0110417,0.659989
21,-2.73865,-1.44058,-2.2913,-1.09359,1,0.893183,-4.18328,-3.51969,-1.99993,-1.22755,0,-0.594442,-0.411942,-0.338796,0.0576553,-0.0061968,0,-0.0146231,0.671779
21.05,-2.9443,-1.55271,-2.37969,-1.13078,1,0.874111,-4.04117,-3.47723,-1.53244,-1.10075,0,-0.581955,-0.429553,-0.347946,0.0820123,0.000170952,0,-0.0155772,0.683869
21.1,-3.1426,-1.78622,-2.44429,-1.19592,1,0.83563,-3.88897,-3.37503,-1.04964,-0.810874,0,-0.527894,-0.443409,-0.384276,0.0963193,0.0277423,3.4856e-18,-0.0190814,0.690587
21.15,-3.33304,-1.8943,-2.48448,-1.2189,1,0.81834,-3.72705,-3.32114,-0.55635,-0.663568,0,-0.495572,-0.436854,-0.392358,0.117217,0.033279,0,-0.0196686,0.695331
21.2,-3.51514,-2.11862,-2.49984,-1.25106,1,0.78465,-3.55581,-3.19305,-0.057503,-0.333833,0,-0.415112,-0.468683,-0.418417,0.13774,0.0602935,0,-0.0221734,0.707008
21.25,-3.68847,-2.22079,-2.49022,-1.25857,1,0.770985,-3.37568,-3.12694,0.441918,-0.173978,0,-0.372196,-0.434918,-0.423025,0.15546,0.0669699,7.0236e-18,-0.0227093,0.700457
21.3,-3.85257,-2.43048,-2.45572,-1.25737,1,0.74715,-3.18711,-2.97363,0.936924,0.176668,0,-0.267084,-0.449293,-0.441478,0.174546,0.0956197,0,-0.0246883,0.706416
21.35,-4.00705,-2.62894,-2.39668,-1.23257,1,0.730723,-2.99058,-2.80425,1.42257,0.52912,0,-0.160656,-0.42238,-0.444444,0.197475,0.117742,-7.07642e-18,-0.0259685,0.700596
21.4,-4.15151,-2.71805,-2.3137,-1.21275,1,0.725649,-2.78658,-2.71811,1.894,0.693687,0,-0.107958,-0.407483,-0.442795,0.21288,0.1323,0,-0.0265202,0.695786
21.45,-4.28559,-2.89797,-2.20759,-1.15371,1,0.71981,-2.5756,-2.52576,2.34651,1.02717,0,-0.00941952,-0.36188,-0.434579,0.221975,0.154954,7.11342e-18,-0.0272645,0.679941
21.5,-4.40896,-2.97791,-2.07944,-1.11835,1,0.719431,-2.35819,-2.43131,2.77557,1.1756,0,0.033684,-0.337867,-0.421981,0.257011,0.16897,7.17455e-18,-0.0273218,0.671797
21.55,-4.52131,-3.1398,-1.9305,-1.02813,1,0.720244,-2.13489,-2.22517,3.1769,1.46318,0,0.106105,-0.321946,-0.398491,0.281353,0.189211,-7.22289e-18,-0.0266679,0.668896
21.6,-4.62236,-3.2109,-1.76228,-0.979239,1,0.722394,-1.90625,-2.12548,3.54648,1.58632,0,0.137184,-0.272047,-0.380211,0.290597,0.202604,7.24255e-18,-0.0261429,0.650557
21.65,-4.71185,-3.33539,-1.57644,-0.87757,1,0.72899,-1.67285,-1.93434,3.88063,1.79507,0,0.183302,-0.246611,-0.353137,0.307289,0.225749,0,-0.0259544,0.645006
21.7,-4.78957,-3.41172,-1.37486,-0.803269,1,0.734873,-1.43526,-1.80278,4.17601,1.91834,0,0.204152,-0.193906,-0.332053,0.310008,0.241012,3.64311e-18,-0.0255263,0.629577
21.75,-4.85532,-3.51598,-1.15954,-0.683346,1,0.745206,-1.19409,-1.60215,4.42966,2.07556,0,0.22073,-0.161721,-0.295384,0.34046,0.26096,-3.68072e-18,-0.0239083,0.626204
21.8,-4.90893,-3.57861,-0.932632,-0.598593,1,0.752578,-0.949933,-1.4671,4.63905,2.16248,0,0.22388,-0.113053,-0.26615,0.333985,0.27253,-3.67237e-18,-0.0219697,0.612492
21.85,-4.95028,-3.67252,-0.696407,-0.447499,1,0.7653,-0.703402,-1.23638,4.80209,2.27898,0,0.218965,-0.0604127,-0.225126,0.334792,0.288831,0,-0.0200062,0.602826
21.9,-4.97924,-3.74685,-0.453223,-0.300671,1,0.776178,-0.455112,-1.01815,4.91715,2.34938,0,0.19789,-0.0244229,-0.180109,0.363316,0.304998,0,-0.0177399,0.601171
21.95,-4.99577,-3.78351,-0.205511,-0.218148,1,0.780623,-0.205685,-0.895562,4.98308,2.37265,0,0.179748,0.0187119,-0.14856,0.35425,0.312832,0,-0.0158614,0.596812
22,-4.9998,-3.83674,0.044255,-0.0688429,1,0.787964,0.044257,-0.677285,4.99922,2.38932,0,0.144028,0.0462388,-0.0992172,0.366795,0.325,-1.85834e-18,-0.013204,0.596784
22.05,-4.99134,-3.86061,0.293578,0.0152495,1,0.790956,0.294087,-0.553957,4.9654,2.38458,0,0.120781,0.0795768,-0.0659545,0.38005,0.333386,1.86801e-18,-0.0115195,0.597299
22.1,-4.97041,-3.89126,0.539968,0.164534,1,0.794659,0.543183,-0.333146,4.88198,2.35184,0,0.0791138,0.117,-0.0195161,0.374592,0.343129,0,-0.00902995,0.600986
22.15,-4.93705,-3.90023,0.780963,0.229009,1,0.79557,0.790921,-0.235008,4.74978,2.32854,0,0.0622095,0.162949,0.0112113,0.383185,0.349526,-3.74073e-18,-0.00755005,0.606758
22.2,-4.89135,-3.91008,1.01415,0.391642,1,0.796658,1.03668,0.0209916,4.57012,2.24157,0,0.024767,0.192604,0.05826,0.38825,0.358222,7.49686e-18,-0.00569765,0.611679
22.25,-4.83342,-3.90885,1.23721,0.453019,1,0.796557,1.27985,0.123015,4.34479,2.19732,0,0.0138656,0.225697,0.0906941,0.383679,0.366093,0,-0.00447549,0.619374
22.3,-4.76342,-3.89434,1.44791,0.596298,1,0.795171,1.51982,0.374012,4.07606,2.06337,0,-0.00514604,0.271652,0.135161,0.405224,0.374457,0,-0.0032896,0.629297
22.35,-4.6815,-3.87852,1.64414,0.675794,1,0.793702,1.75599,0.525058,3.76659,1.96775,0,-0.0076426,0.289138,0.164836,0.381824,0.379557,0,-0.00266492,0.634506
22.4,-4.58789,-3.83985,1.82394,0.794654,1,0.791575,1.98778,0.771781,3.41949,1.78802,0,-0.00149191,0.311992,0.209334,0.389206,0.387114,0,-0.00181617,0.643068
22.45,-4.48281,-3.81115,1.98552,0.856147,1,0.790435,2.21459,0.912799,3.03823,1.67338,0,0.00704882,0.331731,0.235615,0.371161,0.389403,0,-0.00183603,0.647597
22.5,-4.36652,-3.74689,2.12726,0.955162,1,0.790058,2.43587,1.16161,2.62661,1.4493,0,0.032607,0.375519,0.267107,0.39929,0.387619,1.50627e-17,-0.00316848,0.66088
22.55,-4.23932,-3.66097,2.24774,1.04379,1,0.791957,2.65106,1.42568,2.18874,1.18057,0,0.0799436,0.419935,0.313799,0.410677,0.386736,1.51364e-17,-0.00412861,0.672116
22.6,-4.10153,-3.61414,2.34577,1.07905,1,0.794067,2.85963,1.54894,1.72901,1.0431,0,0.104327,0.37192,0.32278,0.34199,0.387145,0,-0.0040799,0.654679
22.65,-3.95348,-3.50152,2.42036,1.13898,1,0.800793,3.06105,1.80793,1.252,0.734756,0,0.155764,0.451255,0.360243,0.409588,0.387209,1.51292e-17,-0.00499169,0.68745
22.7,-3.79555,-3.44292,2.47076,1.15972,1,0.804592,3.25481,1.92712,0.762481,0.583253,0,0.182512,0.401639,0.365593,0.340724,0.385015,-1.47242e-17,-0.00600599,0.664681
22.75,-3.62813,-3.3064,2.49648,1.18732,1,0.815296,3.44044,2.17391,0.265343,0.250198,0,0.247428,0.453735,0.39071,0.388639,0.379759,0,-0.00820391,0.687976
22.8,-3.45165,-3.24525,2.49725,1.1921,1,0.821121,3.61747,2.27237,-0.234447,0.110977,0,0.271776,0.425306,0.396271,0.349688,0.37843,-1.47718e-17,-0.00866179,0.676212
22.85,-3.26654,-3.07505,2.47307,1.18658,1,0.839345,3.78546,2.51403,-0.731893,-0.249333,0,0.330474,0.428395,0.408044,0.351772,0.36938,0,-0.0116437,0.679638
22.9,-3.07326,-2.99378,2.42418,1.17587,1,0.848893,3.94399,2.61549,-1.22203,-0.407773,0,0.35274,0.409705,0.409978,0.334694,0.367078,0,-0.0121985,0.673959
22.95,-2.8723,-2.81047,2.35107,1.13651,1,0.871508,4.09266,2.82132,-1.69995,-0.737678,0,0.398884,0.393217,0.409648,0.321485,0.354617,-7.31359e-18,-0.0148348,0.667805
23,-2.66417,-2.71931,2.25447,1.11039,1,0.883406,4.2311,2.91215,-2.16089,-0.88666,0,0.415298,0.357804,0.408423,0.293095,0.351598,7.24799e-18,-0.0152269,0.654221
23.05,-2.44937,-2.51631,2.13534,1.03955,1,0.910048,4.35897,3.08963,-2.60024,-1.18704,0,0.442163,0.34716,0.392688,0.295303,0.334578,7.25284e-18,-0.0180446,0.654254
23.1,-2.22845,-2.41745,1.99488,0.999018,1,0.9229,4.47594,3.16625,-3.0136,-1.31842,0,0.448201,0.307546,0.387568,0.274277,0.330216,0,-0.0185597,0.640894
23.15,-2.00196,-2.20038,1.83448,0.899152,1,0.950236,4.58172,3.31444,-3.39686,-1.57745,0,0.456374,0.293184,0.360486,0.275911,0.311575,-7.21166e-18,-0.0200966,0.637883
23.2,-1.77047,-2.00034,1.65576,0.797541,1,0.974772,4.67605,3.42961,-3.74618,-1.77512,0,0.446392,0.23558,0.333787,0.230641,0.297271,3.56382e-18,-0.0206374,0.614108
23.25,-1.53455,-1.8631,1.46049,0.723665,1,0.990815,4.75869,3.49821,-4.05806,-1.88968,0,0.42995,0.188582,0.310524,0.200067,0.28453,-3.54006e-18,-0.0213462,0.595136
23.3,-1.2948,-1.62378,1.25063,0.588599,1,1.01621,4.82944,3.59612,-4.3294,-2.05127,0,0.383489,0.165459,0.275313,0.204219,0.265174,3.54307e-18,-0.0223739,0.594524
23.35,-1.05181,-1.50879,1.02827,0.521616,1,1.02721,4.88812,3.6355,-4.55748,-2.11348,0,0.356241,0.114087,0.249293,0.177277,0.251448,0,-0.0224996,0.578859
23.4,-0.80619,-1.26056,0.795641,0.373434,1,1.0472,4.93458,3.70524,-4.74002,-2.2176,0,0.282655,0.0845554,0.207535,0.17051,0.231463,8.80125e-19,-0.0218041,0.575587
23.45,-0.558556,-1.14207,0.55506,0.301605,1,1.05468,4.9687,3.73201,-4.87521,-2.25305,0,0.242564,0.0244822,0.177251,0.159802,0.218153,-2.19639e-19,-0.0210001,0.566129
23.5,-0.309526,-0.890205,0.308933,0.145232,1,1.0647,4.99041,3.77415,-4.96168,-2.30301,0,0.14418,-0.0143249,0.129227,0.155122,0.195904,2.19476e-19,-0.019039,0.563415
23.55,-0.059723,-0.770624,0.059719,0.0707807,1,1.06721,4.99964,3.78836,-4.99857,-2.31432,0,0.0929928,-0.031953,0.101978,0.116447,0.183178,-2.18319e-19,-0.0175772,0.561394
23.6,0.19023,-0.545182,-0.190092,-0.0692877,1,1.0671,4.99638,3.80699,-4.98552,-2.31668,0,-0.00830631,-0.0636792,0.0550736,0.109118,0.162525,4.36276e-19,-0.014699,0.56213
23.65,0.439707,-0.27304,-0.438003,-0.236353,1,1.05904,4.98063,3.81607,-4.92266,-2.28895,0,-0.132216,-0.127348,0.00923118,0.096924,0.143565,0,-0.0113791,0.564946
23.7,0.688085,-0.167051,-0.681538,-0.300619,1,1.05336,4.95243,3.81597,-4.81062,-2.27009,0,-0.179885,-0.175454,-0.0192721,0.0781011,0.13092,8.70014e-19,-0.00909846,0.572157
23.75,0.934743,0.0905099,-0.918263,-0.453836,1,1.03461,4.91185,3.80825,-4.6505,-2.20453,0,-0.292229,-0.206519,-0.0625898,0.0653236,0.113597,8.69216e-19,-0.00575271,0.578748
23.8,1.17907,0.241865,-1.14581,-0.541523,1,1.02042,4.85899,3.79925,-4.44392,-2.15285,0,-0.353466,-0.231774,-0.0945257,0.0382497,0.102474,0,-0.00369147,0.593444
23.85,1.42044,0.483053,-1.36191,-0.676428,1,0.992399,4.79399,3.7766,-4.19294,-2.04695,0,-0.438434,-0.26784,-0.144051,0.0306701,0.084712,0,-0.000440609,0.601303
23.9,1.65826,0.617622,-1.56441,-0.748703,1,0.974151,4.71701,3.75966,-3.90006,-1.97577,0,-0.478004,-0.308232,-0.168618,0.0059885,0.0735177,-1.08422e-19,0.00163364,0.617601
23.95,1.89194,0.855689,-1.75127,-0.870421,1,0.939323,4.62823,3.72072,-3.56822,-1.82796,0,-0.530355,-0.334749,-0.210716,-0.00313809,0.0532039,0,0.00527341,0.62692
24,2.12089,0.98842,-1.92064,-0.934505,1,0.918264,4.52789,3.69351,-3.20072,-1.7324,0,-0.549376,-0.365888,-0.237341,-0.0161542,0.0416455,8.67475e-19,0.00705127,0.634854
24.05,2.34455,1.22209,-2.07081,-1.03934,1,0.880337,4.41623,3.63493,-2.80124,-1.5389,0,-0.567652,-0.367303,-0.280736,-0.0371132,0.0216918,0,0.0099085,0.652133
24.1,2.56233,1.32308,-2.20029,-1.08114,1,0.863506,4.29354,3.60525,-2.37378,-1.44388,0,-0.566691,-0.42914,-0.30326,-0.0631681,0.0106184,0,0.0114663,0.670907
24.15,2.77372,1.5789,-2.30779,-1.17575,1,0.821205,4.16011,3.51805,-1.92259,-1.17693,0,-0.545533,-0.456141,-0.334416,-0.0806801,-0.00816921,0,0.0141452,0.682033
24.2,2.97817,1.67664,-2.39223,-1.2072,1,0.805269,4.01628,3.47961,-1.4522,-1.06419,0,-0.528776,-0.41882,-0.354798,-0.0932674,-0.0204705,0,0.0156622,0.68458
24.25,3.17518,1.90886,-2.45277,-1.27033,1,0.769405,3.86241,3.37296,-0.967293,-0.766181,0,-0.468045,-0.46971,-0.390651,-0.119179,-0.040351,0,0.017819,0.699904
24.3,3.36425,2.04135,-2.4888,-1.29832,1,0.750387,3.69889,3.30144,-0.472724,-0.575788,0,-0.423409,-0.455581,-0.409184,-0.14022,-0.0543159,3.50384e-18,0.0194291,0.703875
24.35,3.54492,2.24744,-2.49996,-1.32654,1,0.724315,3.52613,3.17525,0.026569,-0.257483,0,-0.341957,-0.482721,-0.425635,-0.162528,-0.0741034,0,0.0214757,0.713497
24.4,3.71672,2.35967,-2.48615,-1.33343,1,0.71198,3.34455,3.09766,0.525597,-0.0742606,0,-0.28957,-0.450641,-0.432725,-0.178527,-0.087413,-7.05096e-18,0.0227201,0.706126
24.45,3.87923,2.55236,-2.44749,-1.32873,1,0.695391,3.15461,2.94823,1.01937,0.259473,0,-0.184736,-0.415087,-0.443473,-0.191184,-0.109057,0,0.0244409,0.695647
24.5,4.03205,2.74626,-2.38438,-1.30037,1,0.684652,2.95679,2.77403,1.50296,0.610625,0,-0.0828004,-0.414337,-0.444551,-0.210112,-0.137853,-7.09493e-18,0.0260353,0.696838
24.55,4.17479,2.8334,-2.29745,-1.27874,1,0.682145,2.75157,2.68695,1.97154,0.771244,0,-0.0337677,-0.387181,-0.44113,-0.231513,-0.144453,0,0.0261724,0.6864
24.6,4.30709,3.0092,-2.18756,-1.21609,1,0.681692,2.53948,2.494,2.42041,1.09735,0,0.0647381,-0.376034,-0.427901,-0.241275,-0.172763,0,0.0268041,0.682158
24.65,4.42863,3.08741,-2.05581,-1.17897,1,0.682797,2.32104,2.39904,2.8451,1.24346,0,0.107582,-0.324395,-0.42371,-0.252355,-0.180355,0,0.0270176,0.663831
24.7,4.5391,3.2434,-1.90352,-1.08512,1,0.688167,2.0968,2.19106,3.24136,1.52991,0,0.178514,-0.319488,-0.399441,-0.280558,-0.20862,0,0.0269184,0.665158
24.75,4.63822,3.30351,-1.73221,-1.04103,1,0.691683,1.86732,2.10302,3.60524,1.63737,0,0.203234,-0.264472,-0.389117,-0.283426,-0.214583,0,0.0265017,0.64605
24.8,4.72575,3.44664,-1.5436,-0.914496,1,0.704505,1.63318,1.87205,3.93309,1.88459,0,0.255802,-0.236618,-0.34931,-0.294794,-0.241891,0,0.025631,0.637209
24.85,4.80147,3.50492,-1.33956,-0.852842,1,0.711402,1.39495,1.76732,4.22165,1.98004,0,0.27114,-0.18557,-0.338243,-0.331242,-0.248643,0,0.0252953,0.62762
24.9,4.86519,3.61762,-1.12214,-0.712604,1,0.727096,1.15323,1.54421,4.46803,2.14942,0,0.282965,-0.153803,-0.284511,-0.350965,-0.273887,0,0.0230193,0.621869
24.95,4.91675,3.66541,-0.8935,-0.642892,1,0.734828,0.908629,1.43777,4.66976,2.21543,0,0.283508,-0.102589,-0.269946,-0.356165,-0.2795,0,0.0223041,0.609919
25,4.95601,3.7557,-0.655937,-0.488602,1,0.751039,0.661759,1.21124,4.82483,2.32322,0,0.269353,-0.0841229,-0.213695,-0.335166,-0.302817,0,0.02015,0.6034
25.05,4.98289,3.79266,-0.411821,-0.413376,1,0.757967,0.413234,1.1037,4.9317,2.35972,0,0.257482,-0.0218316,-0.198194,-0.369063,-0.308966,-9.29981e-19,0.0194807,0.599119
25.1,4.99732,3.8596,-0.163589,-0.250086,1,0.77048,0.163677,0.873796,4.98928,2.40849,0,0.221355,0.0274168,-0.136353,-0.374618,-0.327634,0,0.016243,0.596518
25.15,4.99925,3.91351,0.086277,-0.0751092,1,0.781457,-0.08629,0.628943,4.99702,2.42187,0,0.178691,0.0617334,-0.0892102,-0.388372,-0.338371,0,0.0137373,0.596097
25.2,4.98869,3.92972,0.335281,-0.00703307,1,0.784712,-0.33604,0.532874,4.95483,2.41587,0,0.161048,0.0934159,-0.0528154,-0.373618,-0.349792,0,0.0122212,0.598042
25.25,4.96567,3.95789,0.580934,0.15682,1,0.790781,-0.584951,0.296754,4.86313,2.37611,0,0.115253,0.126418,-0.006087,-0.388839,-0.361707,0,0.0102079,0.600492
25.3,4.93022,3.96557,0.820784,0.232659,1,0.792633,-0.8324,0.184169,4.72284,2.34421,0,0.0948818,0.160697,0.0260147,-0.377424,-0.367534,3.73213e-18,0.00890269,0.606692
25.35,4.88246,3.96993,1.05243,0.389827,1,0.794343,-1.07777,-0.0568971,4.53537,2.25348,0,0.0574866,0.209842,0.0699687,-0.407809,-0.372878,0,0.00736437,0.613314
25.4,4.82249,3.96631,1.27357,0.461358,1,0.794636,-1.32044,-0.171701,4.30257,2.19928,0,0.0450227,0.232116,0.0993293,-0.389195,-0.376332,-7.49977e-18,0.0065571,0.619516
25.45,4.75047,3.94487,1.48197,0.609374,1,0.792521,-1.55982,-0.419834,4.02679,2.05916,0,0.0269145,0.26412,0.146816,-0.399766,-0.384759,-7.53284e-18,0.00514425,0.625009
25.5,4.66658,3.92896,1.67557,0.67533,1,0.791395,-1.79529,-0.538367,3.71077,1.98032,0,0.0215806,0.325053,0.178395,-0.423761,-0.388924,-1.52244e-17,0.00455307,0.644327
25.55,4.57102,3.88897,1.85243,0.791583,1,0.789363,-2.02628,-0.762639,3.35768,1.81241,0,0.0229153,0.336418,0.214527,-0.414092,-0.391009,0,0.00446504,0.645855
25.6,4.46403,3.82318,2.01078,0.915996,1,0.788773,-2.2522,-1.03903,2.97103,1.57202,0,0.0487773,0.340696,0.258035,-0.386455,-0.397465,1.49827e-17,0.00347273,0.650105
25.65,4.34589,3.79221,2.14904,0.959439,1,0.789201,-2.4725,-1.14797,2.5547,1.46672,0,0.0628246,0.366205,0.284761,-0.393334,-0.401134,1.50252e-17,0.00309951,0.656746
25.7,4.21689,3.70452,2.26583,1.05178,1,0.792378,-2.68661,-1.41064,2.11285,1.19063,0,0.101932,0.422785,0.315953,-0.421127,-0.401364,0,0.00411949,0.679506
25.75,4.07734,3.64468,2.35997,1.09686,1,0.795855,-2.89401,-1.56477,1.64988,1.01459,0,0.135481,0.415653,0.334206,-0.401663,-0.399304,0,0.00516559,0.675014
25.8,3.9276,3.5368,2.43054,1.15513,1,0.804102,-3.09417,-1.81099,1.17043,0.712995,0,0.199107,0.439803,0.364554,-0.403488,-0.400418,0,0.00523863,0.683905
25.85,3.76805,3.47005,2.47682,1.18144,1,0.809168,-3.28661,-1.94476,0.679287,0.538721,0,0.227681,0.440153,0.381774,-0.385372,-0.400012,0,0.00579833,0.685121
25.9,3.59908,3.33924,2.49836,1.21063,1,0.82192,-3.47082,-2.17613,0.181354,0.218095,0,0.287045,0.44814,0.394927,-0.390195,-0.392439,1.50057e-17,0.0094392,0.688912
25.95,3.42111,3.25927,2.49493,1.21806,1,0.830665,-3.64636,-2.30186,-0.318391,0.034416,0,0.322302,0.419024,0.406234,-0.353198,-0.388668,0,0.0106518,0.674312
26,3.2346,3.1059,2.46657,1.21353,1,0.850089,-3.81279,-2.51578,-0.814954,-0.293466,0,0.37585,0.419456,0.417242,-0.354205,-0.383911,-1.47963e-17,0.0116991,0.677198
26.05,3.03999,3.0346,2.41357,1.20502,1,0.859487,-3.96969,-2.60422,-1.30337,-0.433629,0,0.394314,0.39762,0.41914,-0.333159,-0.377711,1.46853e-17,0.0133413,0.668187
26.1,2.83779,2.84004,2.33645,1.16445,1,0.886467,-4.11667,-2.81941,-1.77877,-0.787623,0,0.443341,0.3983,0.415684,-0.342411,-0.367278,1.47331e-17,0.0156636,0.672411
26.15,2.6285,2.76028,2.23599,1.14181,1,0.897923,-4.25335,-2.89856,-2.2364,-0.920942,0,0.461585,0.353955,0.412921,-0.301627,-0.360821,-7.26697e-18,0.0162904,0.650625
26.2,2.41263,2.55737,2.11318,1.0729,1,0.927201,-4.37941,-3.07846,-2.67168,-1.22736,0,0.490573,0.309791,0.404724,-0.266911,-0.352517,-7.19362e-18,0.0167596,0.633506
26.25,2.19074,2.3295,1.96926,0.981302,1,0.958292,-4.49451,-3.2448,-3.08026,-1.51267,0,0.49464,0.295667,0.376654,-0.271427,-0.331954,7.20259e-18,0.0199973,0.633313
26.3,1.96337,2.22454,1.80567,0.933702,1,0.972471,-4.59839,-3.312,-3.45807,-1.6292,0,0.499267,0.249426,0.367469,-0.23682,-0.325682,0,0.0208915,0.612521
26.35,1.73109,1.99493,1.62403,0.82085,1,1.00237,-4.69077,-3.43479,-3.80133,-1.84308,0,0.479272,0.23069,0.326831,-0.255726,-0.301209,0,0.022505,0.616067
26.4,1.49449,1.88417,1.42617,0.762477,1,1.01608,-4.77142,-3.48507,-4.1066,-1.9298,0,0.463038,0.183613,0.314973,-0.222413,-0.294032,0,0.0230867,0.596528
26.45,1.25415,1.64388,1.21406,0.629876,1,1.04315,-4.84016,-3.57581,-4.37084,-2.08327,0,0.412379,0.154926,0.267853,-0.219995,-0.267659,0,0.0235339,0.591131
26.5,1.01068,1.52885,0.989813,0.563729,1,1.05483,-4.89679,-3.61064,-4.59141,-2.14213,0,0.380553,0.104895,0.25462,-0.198663,-0.260821,0,0.0234296,0.578678
26.55,0.764675,1.28109,0.75568,0.417563,1,1.07579,-4.94118,-3.67126,-4.76611,-2.238,0,0.30074,0.0811853,0.199154,-0.197222,-0.233399,0,0.0221005,0.573673
26.6,0.516763,1.16205,0.513996,0.34714,1,1.08269,-4.97322,-3.69427,-4.89318,-2.27082,0,0.257845,0.0356135,0.184339,-0.16096,-0.227029,-4.3936e-19,0.0214561,0.564318
26.65,0.26756,0.905777,0.267177,0.195207,1,1.09164,-4.99284,-3.73452,-4.97136,-2.31445,0,0.155456,0.00603559,0.125439,-0.161582,-0.203385,0,0.0181104,0.561446
26.7,0.017688,0.799703,0.017688,0.13177,1,1.09342,-4.99997,-3.74683,-4.99988,-2.32295,0,0.109451,-0.0445706,0.110855,-0.136232,-0.19727,0,0.0171652,0.559571
26.75,-0.232229,0.526404,-0.231978,-0.0326999,1,1.09242,-4.9946,-3.76719,-4.97843,-2.32201,0,-0.0129105,-0.0748081,0.0511535,-0.124093,-0.172165,0,0.0131619,0.559749
26.8,-0.481565,0.404772,-0.479326,-0.105798,1,1.08937,-4.97676,-3.7717,-4.90724,-2.31112,0,-0.069912,-0.107172,0.0328851,-0.098141,-0.164279,-8.71556e-19,0.0119476,0.564967
26.85,-0.729697,0.146207,-0.721884,-0.259606,1,1.07717,-4.94647,-3.77074,-4.78702,-2.26709,0,-0.187437,-0.136038,-0.0234808,-0.089171,-0.139149,0,0.00797081,0.568471
26.9,-0.976005,-0.111498,-0.95723,-0.410092,1,1.0578,-4.90382,-3.75753,-4.61897,-2.19811,0,-0.299066,-0.218093,-0.0660178,-0.0757883,-0.119169,-1.73972e-18,0.00455017,0.57559
26.95,-1.21987,-0.232196,-1.18301,-0.479267,1,1.04629,-4.84891,-3.74707,-4.40476,-2.15564,0,-0.347372,-0.212087,-0.0948993,-0.0487287,-0.106534,0,0.00234198,0.591157
27,-1.46069,-0.462703,-1.39697,-0.60535,1,1.01772,-4.78188,-3.72371,-4.14655,-2.05904,0,-0.430537,-0.28404,-0.142825,-0.0420215,-0.0890677,-8.68128e-19,-0.000491255,0.597043
27.05,-1.69786,-0.615548,-1.59698,-0.686025,1,0.996184,-4.7029,-3.70356,-3.84691,-1.9814,0,-0.47781,-0.307452,-0.172746,-0.0175963,-0.0779198,-4.33748e-19,-0.00251425,0.616091
27.1,-1.93079,-0.84219,-1.78102,-0.800809,1,0.961452,-4.61216,-3.66519,-3.50882,-1.84495,0,-0.53523,-0.350287,-0.21292,-0.00464872,-0.0605522,1.08421e-19,-0.00578923,0.624791
27.15,-2.15889,-0.99137,-1.94727,-0.872541,1,0.936997,-4.5099,-3.63427,-3.13568,-1.74082,0,-0.560713,-0.367782,-0.240992,0.0179394,-0.0478653,4.33751e-19,-0.00809839,0.644019
27.2,-2.38159,-1.24116,-2.09407,-0.984294,1,0.894207,-4.39637,-3.57026,-2.73121,-1.53729,0,-0.582137,-0.410363,-0.282214,0.0319438,-0.0295473,0,-0.0109475,0.652867
27.25,-2.59834,-1.35659,-2.21994,-1.03185,1,0.874139,-4.27184,-3.53517,-2.29945,-1.42893,0,-0.581843,-0.404279,-0.304454,0.0538102,-0.0185744,1.73724e-18,-0.0125351,0.669009
27.3,-2.8086,-1.59769,-2.32363,-1.12083,1,0.83216,-4.13664,-3.45022,-1.84472,-1.17461,0,-0.561605,-0.428064,-0.337963,0.0686736,0.000809994,0,-0.0153989,0.676487
27.35,-3.01183,-1.70866,-2.4041,-1.15652,1,0.813493,-3.9911,-3.40404,-1.37155,-1.04524,0,-0.542872,-0.426662,-0.356396,0.0877265,0.0139868,-3.48284e-18,-0.0171052,0.687469
27.4,-3.20754,-1.943,-2.46056,-1.21905,1,0.777314,-3.83558,-3.29488,-0.884675,-0.749528,0,-0.482134,-0.467289,-0.383552,0.109083,0.0335969,0,-0.01926,0.697334
27.45,-3.39523,-2.1552,-2.49242,-1.25859,1,0.747979,-3.67048,-3.17594,-0.388964,-0.445177,0,-0.404112,-0.441711,-0.408922,0.124899,0.0534951,0,-0.02101,0.700085
27.5,-3.57443,-2.24552,-2.49939,-1.26967,1,0.736748,-3.4962,-3.11918,0.110634,-0.304961,0,-0.364505,-0.452657,-0.42517,0.142035,0.0673947,-3.50474e-18,-0.0221436,0.702893
27.55,-3.74471,-2.46879,-2.48138,-1.27958,1,0.713024,-3.31318,-2.95867,0.609126,0.0656833,0,-0.260302,-0.415804,-0.438928,0.153716,0.0882437,-7.02169e-18,-0.0238415,0.697953
27.6,-3.90562,-2.5523,-2.43858,-1.27621,1,0.705894,-3.12189,-2.89177,1.10153,0.211229,0,-0.216759,-0.448384,-0.441279,0.199879,0.101305,0,-0.0244924,0.707637
27.65,-4.05676,-2.74629,-2.37141,-1.25103,1,0.693904,-2.92279,-2.71804,1.58293,0.561168,0,-0.109267,-0.4277,-0.441186,0.210387,0.121185,-7.09535e-18,-0.0252022,0.700625
27.7,-4.19777,-2.85436,-2.28055,-1.22509,1,0.690335,-2.71638,-2.60853,2.04852,0.764827,0,-0.0427044,-0.385407,-0.441039,0.225387,0.13629,7.11895e-18,-0.0259006,0.685891
27.75,-4.32829,-3.01939,-2.1669,-1.16804,1,0.688859,-2.50318,-2.42513,2.49363,1.07659,0,0.0485571,-0.382731,-0.435169,0.252,0.158981,0,-0.0267243,0.687535
27.8,-4.44799,-3.1095,-2.0316,-1.12889,1,0.689355,-2.28373,-2.31949,2.91383,1.24022,0,0.0933649,-0.324605,-0.424,0.252678,0.17285,0,-0.0265664,0.665831
27.85,-4.55657,-3.2577,-1.876,-1.04405,1,0.69465,-2.05857,-2.12279,3.30492,1.5122,0,0.165704,-0.311429,-0.402859,0.27425,0.194742,0,-0.0265034,0.662337
27.9,-4.65376,-3.33552,-1.70166,-0.989114,1,0.699184,-1.82826,-2.00917,3.66298,1.64884,0,0.195802,-0.259848,-0.386241,0.28982,0.209557,-7.24087e-18,-0.0263465,0.6466
27.95,-4.73932,-3.46203,-1.51031,-0.879152,1,0.710399,-1.59339,-1.80489,3.98445,1.86475,0,0.236071,-0.238282,-0.352987,0.304773,0.227853,7.27412e-18,-0.0245985,0.640363
28,-4.81303,-3.51323,-1.30388,-0.826953,1,0.715868,-1.35453,-1.71416,4.2661,1.94705,0,0.248873,-0.192582,-0.32844,0.307152,0.24021,3.63979e-18,-0.023426,0.62534
28.05,-4.87471,-3.63201,-1.08441,-0.682499,1,0.731353,-1.11228,-1.47653,4.50513,2.12461,0,0.264225,-0.137864,-0.290204,0.308133,0.259679,-3.64093e-18,-0.021819,0.611579
28.1,-4.92421,-3.72781,-0.854115,-0.535496,1,0.746195,-0.867261,-1.25036,4.69914,2.25103,0,0.257225,-0.113983,-0.236176,0.330801,0.281065,0,-0.018487,0.608944
28.15,-4.9614,-3.76462,-0.615282,-0.472236,1,0.750689,-0.620069,-1.15844,4.84621,2.29183,0,0.248915,-0.0739681,-0.221815,0.356191,0.285577,0,-0.0175611,0.604719
28.2,-4.98619,-3.84777,-0.370302,-0.304537,1,0.760557,-0.371327,-0.921096,4.94485,2.36681,0,0.217308,-0.0263902,-0.16137,0.349942,0.306667,9.23322e-19,-0.0147534,0.598134
28.25,-4.99852,-3.87853,-0.121621,-0.228562,1,0.764591,-0.121657,-0.813095,4.99408,2.38632,0,0.199466,0.00147671,-0.145376,0.362051,0.313286,0,-0.0142488,0.597342
28.3,-4.99835,-3.93194,0.128274,-0.0657968,1,0.771475,0.128316,-0.580023,4.99341,2.3997,0,0.155667,0.0658275,-0.0794105,0.383542,0.335907,-1.87063e-18,-0.011618,0.598224
28.35,-4.98569,-3.95092,0.376888,0.0108534,1,0.774115,0.37797,-0.468801,4.94286,2.39297,0,0.132896,0.108425,-0.0629338,0.380905,0.340045,0,-0.0108435,0.600912
28.4,-4.96057,-3.97905,0.621736,0.172378,1,0.777278,0.626678,-0.228127,4.84291,2.35351,0,0.0903935,0.15407,0.00111132,0.40708,0.353402,0,-0.00813069,0.605483
28.45,-4.92305,-3.98612,0.860372,0.247233,1,0.778167,0.87382,-0.114037,4.69458,2.32361,0,0.0725021,0.17812,0.015455,0.384889,0.35482,0,-0.00751722,0.608701
28.5,-4.87323,-3.9887,1.09041,0.402509,1,0.77833,1.11878,0.131644,4.49933,2.2351,0,0.0436673,0.215769,0.078286,0.408365,0.365349,7.56059e-18,-0.00545733,0.614637
28.55,-4.81122,-3.98532,1.30956,0.47363,1,0.77736,1.36094,0.247979,4.25914,2.18043,0,0.0306904,0.248993,0.0974984,0.394013,0.369124,0,-0.00487507,0.622638
28.6,-4.73719,-3.96698,1.51562,0.618749,1,0.773504,1.5997,0.497411,3.97638,2.04097,0,0.0142546,0.2975,0.153972,0.427134,0.375775,-7.62385e-18,-0.00386413,0.633713
28.65,-4.65132,-3.95413,1.70653,0.675504,1,0.771839,1.83446,0.601401,3.6539,1.97348,0,0.0113232,0.30734,0.164974,0.395565,0.37681,-7.51956e-18,-0.003745,0.637487
28.7,-4.55382,-3.90599,1.8804,0.811647,1,0.768958,2.06464,0.876523,3.29491,1.76923,0,0.0225861,0.322267,0.225204,0.373069,0.387037,0,-0.00231643,0.645085
28.75,-4.44494,-3.87779,2.03547,0.867082,1,0.768292,2.28965,0.999892,2.903,1.66584,0,0.0290371,0.370747,0.238554,0.400354,0.388617,1.50694e-17,-0.00221027,0.657491
28.8,-4.32495,-3.80432,2.17021,0.973138,1,0.768302,2.50895,1.26643,2.48208,1.41844,0,0.0637041,0.367052,0.290294,0.369656,0.391221,0,-0.00273678,0.658706
28.85,-4.19415,-3.71189,2.28327,1.06113,1,0.771466,2.72197,1.53185,2.03635,1.1388,0,0.10706,0.390572,0.322846,0.375283,0.391861,1.49159e-17,-0.00337242,0.664044
28.9,-4.05287,-3.66186,2.37351,1.09567,1,0.774312,2.92819,1.65543,1.57029,0.99764,0,0.131696,0.389406,0.33884,0.353102,0.388616,0,-0.00499477,0.663323
28.95,-3.90145,-3.56071,2.44004,1.14891,1,0.778717,3.12709,1.87826,1.08853,0.724696,0,0.178081,0.427946,0.360368,0.378763,0.382774,0,-0.00719657,0.676511
29,-3.74029,-3.48576,2.48218,1.17503,1,0.783353,3.31817,2.02622,0.595901,0.530873,0,0.22032,0.408099,0.376609,0.344732,0.381303,1.47453e-17,-0.00746468,0.667489
29.05,-3.56977,-3.36161,2.49953,1.19923,1,0.793847,3.50096,2.2424,0.097314,0.230485,0,0.275389,0.45265,0.400157,0.379623,0.381673,0,-0.00710396,0.687614
29.1,-3.39034,-3.27129,2.4919,1.20514,1,0.803015,3.675,2.38314,-0.402244,0.0258893,0,0.310444,0.409587,0.409559,0.320895,0.379845,0,-0.00773007,0.670318
29.15,-3.20243,-3.10451,2.45937,1.19626,1,0.822245,3.83985,2.61097,-0.897784,-0.320049,0,0.362051,0.410502,0.417606,0.309823,0.373668,0,-0.00994583,0.670484
29.2,-3.00651,-3.02048,2.40227,1.18395,1,0.832663,3.99511,2.7095,-1.38435,-0.47689,0,0.377132,0.35378,0.414254,0.246174,0.363387,7.15459e-18,-0.0135269,0.642054
29.25,-2.80308,-2.83188,2.32116,1.14174,1,0.855898,4.14038,2.89316,-1.85709,-0.784674,0,0.392144,0.33838,0.397763,0.225852,0.337274,0,-0.0215499,0.633713
29.3,-2.59265,-2.6443,2.21687,1.08369,1,0.877835,4.2753,3.02843,-2.31127,-1.03576,0,0.382666,0.292932,0.370251,0.181259,0.299203,0,-0.0304227,0.607158
29.35,-2.37573,-2.53626,2.09042,1.04405,1,0.888857,4.39953,3.08731,-2.74236,-1.16018,0,0.365246,0.27838,0.353303,0.164544,0.276379,-3.51695e-18,-0.0341418,0.600822
29.4,-2.15288,-2.33853,1.94309,0.963377,1,0.907385,4.51277,3.16731,-3.14605,-1.3508,0,0.316607,0.251225,0.322587,0.136887,0.237648,0,-0.0381372,0.588822
29.45,-1.92464,-2.25053,1.77634,0.924466,1,0.914303,4.61473,3.19356,-3.5183,-1.42373,0,0.289519,0.216447,0.302516,0.10357,0.213052,0,-0.0390389,0.577292
29.5,-1.6916,-2.02079,1.59184,0.815737,1,0.928875,4.70516,3.24003,-3.8554,-1.58674,0,0.210267,0.204056,0.273705,0.0901394,0.178144,-1.74179e-18,-0.0384823,0.577407
29.55,-1.45432,-1.9306,1.39144,0.770461,1,0.932955,4.78382,3.25106,-4.15398,-1.64142,0,0.175824,0.175146,0.256082,0.0628371,0.156934,8.69077e-19,-0.0370602,0.574891
29.6,-1.21341,-1.71023,1.17714,0.654597,1,0.938976,4.85053,3.26358,-4.41105,-1.75679,0,0.0891613,0.154783,0.229691,0.0443216,0.126747,4.34107e-19,-0.034362,0.574202
29.65,-0.969471,-1.5802,0.951073,0.583028,1,0.939942,4.90511,3.26232,-4.62405,-1.81444,0,0.0388231,0.123392,0.211649,0.0163436,0.107221,-2.16869e-19,-0.0324546,0.576716
29.7,-0.723106,-1.37356,0.715504,0.463814,1,0.937478,4.94743,3.24763,-4.79085,-1.89092,0,-0.0395427,0.0982182,0.184288,-0.00403706,0.0782712,0,-0.0289104,0.582206
29.75,-0.474934,-1.25937,0.472787,0.39426,1,0.933693,4.97739,3.23261,-4.90977,-1.92713,0,-0.0814714,0.0836887,0.168948,-0.0147554,0.062833,1.08432e-19,-0.0269027,0.585577
29.8,-0.225574,-1.05669,0.225345,0.268109,1,0.924091,4.99491,3.19419,-4.97965,-1.97765,0,-0.148443,0.059856,0.142393,-0.0322132,0.037296,-1.08476e-19,-0.0237292,0.591964
29.85,0.024349,-0.943826,-0.024349,0.195842,1,0.916697,4.99994,3.16722,-4.99976,-1.99913,0,-0.181221,0.0483519,0.125241,-0.040036,0.0216302,1.08507e-19,-0.0215361,0.595915
29.9,0.274211,-0.744936,-0.273799,0.0661082,1,0.901393,4.99247,3.11022,-4.96992,-2.02391,0,-0.231468,0.0396562,0.100409,-0.0459841,0.000396449,0,-0.0181912,0.599586
29.95,0.523388,-0.659078,-0.520513,0.00890834,1,0.893657,4.97253,3.0819,-4.89043,-2.03038,0,-0.249869,0.0230941,0.0848207,-0.057452,-0.0121515,0,-0.0159952,0.606434
30,0.771257,-0.441563,-0.762027,-0.138461,1,0.872003,0,3.00116,0,-2.03448,0,-0.286247,0.0133711,0.0634605,-0.0641397,-0.0283793,0,-0.0128654,0.610782
30.05,0.771257,-0.241423,-0.762027,-0.277351,1,0.849697,0,2.9154,0,-2.02404,0,-0.305402,-0.36964,0.0387886,-0.468654,-0.0461012,0,-0.00929327,0.597011
30.1,0.771257,-0.161666,-0.762027,-0.334944,1,0.839985,0,2.87737,0,-2.01656,0,-0.315015,-0.378441,0.0327236,-0.474302,-0.050302,1.55998e-17,-0.00847673,0.604847
30.15,0.771257,0.0375432,-0.762027,-0.481364,1,0.814137,0,2.73694,0,-1.95276,0,-0.321567,-0.376928,-0.128124,-0.471957,-0.196403,-1.55811e-17,-0.0145151,0.63528
30.2,0.771257,0.12227,-0.762027,-0.54385,1,0.802771,0,2.63361,0,-1.88075,0,-0.31975,-0.309409,-0.171505,-0.409857,-0.237251,7.56548e-18,-0.0132767,0.703217
30.25,0.771257,0.289087,-0.762027,-0.666287,1,0.779786,0,2.32523,0,-1.63781,0,-0.274184,-0.259535,-0.304658,-0.353224,-0.377046,-7.39547e-18,0.000211774,0.728414
30.3,0.771257,0.359922,-0.762027,-0.717322,1,0.770745,0,2.15214,0,-1.49856,0,-0.230038,-0.199328,-0.311245,-0.273103,-0.388961,0,0.00135795,0.72362
30.35,0.771257,0.491636,-0.762027,-0.810503,1,0.757308,0,1.76852,0,-1.19279,0,-0.0818598,-0.17594,-0.2855,-0.239817,-0.377868,0,-0.00592981,0.706646
30.4,0.771257,0.545019,-0.762027,-0.84724,1,0.754984,0,1.60191,0,-1.063,0,-0.00302383,-0.146921,-0.271056,-0.200177,-0.364071,1.77007e-18,-0.0096399,0.667073
30.45,0.771257,0.642592,-0.762027,-0.9129,1,0.757867,0,1.30379,0,-0.834086,0,0.144004,-0.130894,-0.214186,-0.180068,-0.296829,-1.76323e-18,-0.0210338,0.62718
30.5,0.771257,0.682363,-0.762027,-0.939115,1,0.761859,0,1.18942,0,-0.746462,0,0.198428,-0.121363,-0.202367,-0.167608,-0.280935,0,-0.0223286,0.613914
30.55,0.771257,0.756261,-0.762027,-0.986837,1,0.774156,0,0.987075,0,-0.593941,0,0.27199,-0.128637,-0.164236,-0.177685,-0.229209,1.76247e-18,-0.0220199,0.599718
30.6,0.771257,0.818003,-0.762027,-1.025,1,0.790321,0,0.823585,0,-0.473443,0,0.303472,-0.105197,-0.141589,-0.143681,-0.199591,0,-0.0186713,0.584689
30.65,0.771257,0.843467,-0.762027,-1.04012,1,0.798773,0,0.756785,0,-0.424925,0,0.307742,-0.0949992,-0.132224,-0.127145,-0.186702,0,-0.0165157,0.572713
30.7,0.771257,0.891054,-0.762027,-1.06735,1,0.816305,0,0.631804,0,-0.333626,0,0.298364,-0.0889979,-0.11865,-0.118837,-0.167112,8.73522e-19,-0.0132642,0.569943
30.75,0.771257,0.910648,-0.762027,-1.07798,1,0.82419,0,0.579608,0,-0.296736,0,0.290408,-0.0808878,-0.109928,-0.106949,-0.154369,0,-0.0113494,0.565159
30.8,0.771257,0.94712,-0.762027,-1.09679,1,0.840148,0,0.48038,0,-0.226523,0,0.267977,-0.0761045,-0.0987592,-0.100481,-0.137202,4.35879e-19,-0.00899261,0.564085
30.85,0.771257,0.962031,-0.762027,-1.10394,1,0.847409,0,0.43831,0,-0.196324,0,0.255965,-0.0687951,-0.0923374,-0.0908684,-0.127351,4.35478e-19,-0.0076073,0.56213
